datetime_local,target,target_mag,moon_altitude_deg,limb,event_type,is_planetary,score
2026-01-01T23:19:31.625976+11:00,HIP 22400,7.17,18.74,leading limb,Geometric disappearance,False,fair
2026-01-02T00:18:00.424805+11:00,HIP 22527,7.53,17.4,leading limb,Geometric disappearance,False,fair
2026-01-02T00:25:46.801758+11:00,HIP 22400,7.17,17.05,trailing limb,Geometric reappearance,False,fair
2026-01-02T00:25:47.416992+11:00,HIP 22578,7.66,17.05,leading limb,Geometric disappearance,False,fair
2026-01-02T01:04:52.485351+11:00,HIP 22527,7.53,14.72,trailing limb,Geometric reappearance,False,fair
2026-01-02T01:39:59.575195+11:00,HIP 22578,7.66,11.86,trailing limb,Geometric reappearance,False,fair
2026-01-02T22:01:35.668945+11:00,HIP 27798,7.88,11.42,trailing limb,Geometric reappearance,False,fair
2026-01-02T22:48:27.788086+11:00,HIP 28117,6.35,14.99,leading limb,Geometric disappearance,False,fair
2026-01-02T23:29:29.252930+11:00,HIP 28117,6.35,17.05,trailing limb,Geometric reappearance,False,fair
2026-01-03T00:41:21.313476+11:00,HIP 28469,7.5,17.98,leading limb,Geometric disappearance,False,fair
2026-01-03T01:46:39.624023+11:00,HIP 28469,7.5,15.8,trailing limb,Geometric reappearance,False,fair
2026-01-04T03:01:59.985351+11:00,HIP 34860,6.46,16.91,leading limb,Geometric disappearance,False,fair
2026-01-04T04:05:38.920898+11:00,HIP 34860,6.46,11.87,trailing limb,Geometric reappearance,False,fair
2026-01-06T03:58:58.930664+11:00,HIP 45510,7.03,28.01,leading limb,Geometric disappearance,False,fair
2026-01-07T01:25:41.586914+11:00,HIP 49348,7.76,21.68,leading limb,Geometric disappearance,False,fair
2026-01-07T01:31:29.956055+11:00,HIP 49348,7.76,22.41,trailing limb,Geometric reappearance,False,fair
2026-01-08T02:27:43.491211+11:00,HIP 53486,7.37,29.05,leading limb,Geometric disappearance,False,fair
2026-01-08T03:43:56.293945+11:00,HIP 53486,7.37,37.13,trailing limb,Geometric reappearance,False,fair
2026-01-10T01:33:53.100586+11:00,HIP 60680,7.65,16.23,leading limb,Geometric disappearance,False,fair
2026-01-10T02:38:04.584961+11:00,HIP 60680,7.65,27.54,trailing limb,Geometric reappearance,False,fair
2026-01-10T02:40:03.032226+11:00,HIP 60813,6.23,27.88,leading limb,Geometric disappearance,False,fair
2026-01-10T03:25:01.215820+11:00,HIP 60813,6.23,35.3,trailing limb,Geometric reappearance,False,fair
2026-01-11T01:45:45.043945+11:00,HIP 64224,5.95,14.81,leading limb,Geometric disappearance,False,fair
2026-01-11T01:49:19.057617+11:00,HIP 64308,7.9,15.46,leading limb,Geometric disappearance,False,fair
2026-01-11T02:20:44.018555+11:00,HIP 64224,5.95,21.16,trailing limb,Geometric reappearance,False,fair
2026-01-11T02:44:00.102539+11:00,HIP 64308,7.9,25.37,trailing limb,Geometric reappearance,False,fair
2026-01-13T02:27:27.055664+11:00,HIP 71816,7.04,13.39,trailing limb,Geometric reappearance,False,fair
2026-01-16T04:38:38.862305+11:00,HIP 84903,7.38,15.86,leading limb,Geometric disappearance,False,fair
2026-01-16T04:46:59.956055+11:00,HIP 84888,7.94,17.23,leading limb,Geometric disappearance,False,fair
2026-01-16T04:56:48.706055+11:00,HIP 84888,7.94,18.86,trailing limb,Geometric reappearance,False,fair
2026-01-16T05:18:30.483398+11:00,HIP 84903,7.38,22.52,trailing limb,Geometric reappearance,False,fair
2026-01-17T05:16:38.276367+11:00,HIP 89592,6.66,13.47,leading limb,Geometric disappearance,False,fair
2026-01-26T21:58:49.614258+11:00,HIP 10810,6.82,16.4,trailing limb,Geometric reappearance,False,fair
2026-01-27T22:31:42.407226+11:00,HIP 15560,7.31,14.75,leading limb,Geometric disappearance,False,fair
2026-01-29T22:55:33.500976+11:00,HIP 25730,6.2,17.14,leading limb,Geometric disappearance,False,fair
2026-01-30T00:11:15.395508+11:00,HIP 25730,6.2,12.76,trailing limb,Geometric reappearance,False,fair
2026-01-30T00:13:11.967773+11:00,HIP 25948,7.94,12.6,leading limb,Geometric disappearance,False,fair
2026-01-31T01:00:57.788086+11:00,HIP 31852,6.02,14.59,leading limb,Geometric disappearance,False,fair
2026-01-31T01:38:07.397461+11:00,HIP 31852,6.02,11.56,trailing limb,Geometric reappearance,False,fair
2026-01-31T01:46:47.709961+11:00,HIP 32019,6.45,10.75,leading limb,Geometric disappearance,False,fair
2026-02-01T00:46:02.153320+11:00,HIP 37704,5.3,20.92,leading limb,Geometric disappearance,False,fair
2026-02-01T01:23:02.797851+11:00,HIP 37848,7.35,19.65,leading limb,Geometric disappearance,False,fair
2026-02-01T01:53:18.647461+11:00,HIP 37704,5.3,17.91,trailing limb,Geometric reappearance,False,fair
2026-02-01T02:14:30.161133+11:00,HIP 37848,7.35,16.36,trailing limb,Geometric reappearance,False,fair
2026-02-02T22:57:20.229492+11:00,HIP 47262,7.91,17.24,leading limb,Geometric disappearance,False,fair
2026-02-03T00:07:25.151367+11:00,HIP 47262,7.91,25.2,trailing limb,Geometric reappearance,False,fair
2026-02-05T04:57:33.852539+11:00,HIP 55769,6.73,40.93,leading limb,Geometric disappearance,False,fair
2026-02-05T05:03:42.641601+11:00,HIP 55769,6.73,40.45,trailing limb,Geometric reappearance,False,fair
2026-02-05T05:35:24.624023+11:00,HIP 55846,6.49,37.47,leading limb,Geometric disappearance,False,fair
2026-02-05T05:35:55.942383+11:00,HIP 55848,7.58,37.41,leading limb,Geometric disappearance,False,fair
2026-02-06T05:23:25.297851+11:00,HIP 59532,7.43,48.27,leading limb,Geometric disappearance,False,fair
2026-02-06T05:45:23.862305+11:00,HIP 59532,7.43,46.53,trailing limb,Geometric reappearance,False,fair
2026-02-06T23:31:07.631836+11:00,HIP 62636,6.99,11.75,leading limb,Geometric disappearance,False,fair
2026-02-07T00:19:32.270508+11:00,HIP 62636,6.99,20.52,trailing limb,Geometric reappearance,False,fair
2026-02-07T04:44:25.122070+11:00,HIP 63225,6.93,56.16,leading limb,Geometric disappearance,False,fair
2026-02-07T05:28:22.924805+11:00,HIP 63225,6.93,56.1,trailing limb,Geometric reappearance,False,fair
2026-02-08T00:02:15.073242+11:00,HIP 66343,7.91,13.44,leading limb,Geometric disappearance,False,fair
2026-02-08T00:09:06.284180+11:00,HIP 66235,7.66,14.68,trailing limb,Geometric reappearance,False,fair
2026-02-08T00:14:02.387695+11:00,HIP 66247,5.92,15.57,trailing limb,Geometric reappearance,False,fair
2026-02-08T00:55:40.297851+11:00,HIP 66343,7.91,23.13,trailing limb,Geometric reappearance,False,fair
2026-02-08T05:47:46.303711+11:00,HIP 67043,7.46,62.02,leading limb,Geometric disappearance,False,fair
2026-02-11T01:15:32.885742+11:00,HIP 78494,7.76,10.47,trailing limb,Geometric reappearance,False,fair
2026-02-11T05:51:40.415039+11:00,HIP 79364,7.73,58.82,leading limb,Geometric disappearance,False,fair
2026-02-13T04:19:58.696289+11:00,HIP 87836,5.76,25.75,leading limb,Geometric disappearance,False,fair
2026-02-13T05:13:40.971680+11:00,HIP 87836,5.76,35.14,trailing limb,Geometric reappearance,False,fair
2026-02-14T03:42:33.442383+11:00,HIP 92385,7.66,10.27,leading limb,Geometric disappearance,False,fair
2026-02-14T03:57:31.303711+11:00,HIP 92463,7.22,12.64,leading limb,Geometric disappearance,False,fair
2026-02-14T04:10:17.329101+11:00,HIP 92385,7.66,14.7,trailing limb,Geometric reappearance,False,fair
2026-02-14T04:40:42.231445+11:00,HIP 92535,7.21,19.73,leading limb,Geometric disappearance,False,fair
2026-02-14T04:46:06.635742+11:00,HIP 92463,7.22,20.64,trailing limb,Geometric reappearance,False,fair
2026-02-14T04:47:10.415039+11:00,HIP 92535,7.21,20.82,trailing limb,Geometric reappearance,False,fair
2026-02-14T05:41:44.165039+11:00,HIP 92808,7.8,30.22,leading limb,Geometric disappearance,False,fair
2026-02-22T20:48:00.981445+11:00,HIP 9627,6.24,10.77,trailing limb,Geometric reappearance,False,fair
2026-02-26T20:52:00.571289+11:00,HIP 29224,7.83,18.05,trailing limb,Geometric reappearance,False,fair
2026-02-26T21:01:59.663086+11:00,HIP 29352,7.79,18.08,leading limb,Geometric disappearance,False,fair
2026-02-26T21:09:55.502930+11:00,HIP 29352,7.79,18.05,trailing limb,Geometric reappearance,False,fair
2026-02-26T23:17:04.877930+11:00,HIP 29793,7.41,11.95,leading limb,Geometric disappearance,False,fair
2026-02-28T22:46:12.172851+11:00,HIP 40833,7.93,23.48,leading limb,Geometric disappearance,False,fair
2026-02-28T23:52:16.391601+11:00,HIP 40833,7.93,22.7,trailing limb,Geometric reappearance,False,fair
2026-03-01T22:54:57.553711+11:00,HIP 45510,7.03,27.0,leading limb,Geometric disappearance,False,fair
2026-03-01T23:59:59.985351+11:00,HIP 45648,7.89,28.6,leading limb,Geometric disappearance,False,fair
2026-03-02T00:12:27.963867+11:00,HIP 45510,7.03,28.51,trailing limb,Geometric reappearance,False,fair
2026-03-02T00:57:23.715820+11:00,HIP 45648,7.89,27.15,trailing limb,Geometric reappearance,False,fair
2026-03-02T03:01:51.870117+11:00,HIP 45992,7.69,16.03,leading limb,Geometric disappearance,False,fair
2026-03-02T03:30:58.754883+11:00,HIP 45992,7.69,12.25,trailing limb,Geometric reappearance,False,fair
2026-03-02T21:12:13.286133+11:00,HIP 49348,7.76,16.59,trailing limb,Geometric reappearance,False,fair
2026-03-03T21:42:13.696289+11:00,HIP 53486,7.37,19.06,leading limb,Geometric disappearance,False,fair
2026-03-03T22:49:39.360351+11:00,HIP 53486,7.37,28.91,trailing limb,Geometric reappearance,False,fair
2026-03-05T02:27:18.471680+11:00,HIP 57629,6.15,47.33,leading limb,Geometric disappearance,False,fair
2026-03-05T03:28:54.272461+11:00,HIP 57629,6.15,44.49,trailing limb,Geometric reappearance,False,fair
2026-03-06T23:36:02.856445+11:00,HIP 64828,6.61,30.07,leading limb,Geometric disappearance,False,fair
2026-03-07T00:33:07.221680+11:00,HIP 64828,6.61,39.94,trailing limb,Geometric reappearance,False,fair
2026-03-07T00:50:09.624023+11:00,HIP 65023,7.27,42.73,leading limb,Geometric disappearance,False,fair
2026-03-07T02:03:58.110351+11:00,HIP 65023,7.27,53.3,trailing limb,Geometric reappearance,False,fair
2026-03-07T06:23:32.797851+11:00,HIP 65581,5.27,44.07,leading limb,Geometric disappearance,False,fair
2026-03-08T23:11:14.077148+11:00,HIP 72692,7.61,16.04,leading limb,Geometric disappearance,False,fair
2026-03-08T23:50:48.999023+11:00,HIP 72692,7.61,23.06,trailing limb,Geometric reappearance,False,fair
2026-03-09T02:29:43.051758+11:00,HIP 73184,5.72,51.45,leading limb,Geometric disappearance,False,fair
2026-03-09T03:38:33.178711+11:00,HIP 73184,5.72,62.19,trailing limb,Geometric reappearance,False,fair
2026-03-09T06:12:55.971680+11:00,HIP 73588,7.85,65.49,leading limb,Geometric disappearance,False,fair
2026-03-10T00:28:52.807617+11:00,HIP 77077,7.59,23.6,leading limb,Geometric disappearance,False,fair
2026-03-10T01:26:53.012695+11:00,HIP 77077,7.59,33.94,trailing limb,Geometric reappearance,False,fair
2026-03-10T06:22:28.901367+11:00,HIP 77840,4.59,71.82,leading limb,Geometric disappearance,False,fair
2026-03-11T03:57:27.553711+11:00,HIP 81821,7.91,53.37,leading limb,Geometric disappearance,False,fair
2026-03-11T05:08:00.424805+11:00,HIP 81939,6.58,65.25,leading limb,Geometric disappearance,False,fair
2026-03-11T05:19:41.352539+11:00,HIP 81821,7.91,67.03,trailing limb,Geometric reappearance,False,fair
2026-03-11T05:25:24.301758+11:00,HIP 81981,7.94,67.86,leading limb,Geometric disappearance,False,fair
2026-03-11T06:23:52.836914+11:00,HIP 81939,6.58,74.08,trailing limb,Geometric reappearance,False,fair
2026-03-12T04:47:58.491211+11:00,HIP 86317,6.83,53.74,leading limb,Geometric disappearance,False,fair
2026-03-12T06:09:05.698242+11:00,HIP 86317,6.83,67.32,trailing limb,Geometric reappearance,False,fair
2026-03-24T20:16:28.725586+11:00,HIP 22400,7.17,11.54,leading limb,Geometric disappearance,False,fair
2026-03-25T20:24:38.100586+11:00,HIP 27798,7.88,15.2,trailing limb,Geometric reappearance,False,fair
2026-03-25T21:24:08.393555+11:00,HIP 28117,6.35,10.62,leading limb,Geometric disappearance,False,fair
2026-03-27T20:31:02.299805+11:00,HIP 39148,7.96,22.07,leading limb,Geometric disappearance,False,fair
2026-03-27T21:32:30.161133+11:00,HIP 39263,6.32,21.88,leading limb,Geometric disappearance,False,fair
2026-03-27T21:46:35.170898+11:00,HIP 39148,7.96,21.45,trailing limb,Geometric reappearance,False,fair
2026-03-27T21:56:51.635742+11:00,HIP 39263,6.32,21.04,trailing limb,Geometric reappearance,False,fair
2026-03-29T23:26:58.725586+11:00,HIP 48524,7.71,31.47,leading limb,Geometric disappearance,False,fair
2026-03-30T00:39:25.502930+11:00,HIP 48524,7.71,26.62,trailing limb,Geometric reappearance,False,fair
2026-03-31T20:30:16.860351+11:00,HIP 55769,6.73,23.5,leading limb,Geometric disappearance,False,fair
2026-03-31T21:28:23.627930+11:00,HIP 55846,6.49,32.19,leading limb,Geometric disappearance,False,fair
2026-03-31T21:29:41.381836+11:00,HIP 55848,7.58,32.36,leading limb,Geometric disappearance,False,fair
2026-03-31T21:40:00.776367+11:00,HIP 55769,6.73,33.75,trailing limb,Geometric reappearance,False,fair
2026-03-31T22:12:58.842773+11:00,HIP 55945,4.95,37.75,leading limb,Geometric disappearance,False,fair
2026-03-31T22:32:52.104492+11:00,HIP 55982,7.24,39.82,leading limb,Geometric disappearance,False,fair
2026-03-31T22:33:08.979492+11:00,HIP 55846,6.49,39.85,trailing limb,Geometric reappearance,False,fair
2026-03-31T22:33:58.901367+11:00,HIP 55848,7.58,39.93,trailing limb,Geometric reappearance,False,fair
2026-03-31T23:28:00.776367+11:00,HIP 55945,4.95,43.81,trailing limb,Geometric reappearance,False,fair
2026-03-31T23:49:49.438476+11:00,HIP 55982,7.24,44.57,trailing limb,Geometric reappearance,False,fair
2026-04-01T20:22:07.280273+11:00,HIP 59423,6.74,19.56,leading limb,Geometric disappearance,False,fair
2026-04-01T21:21:14.047851+11:00,HIP 59532,7.43,29.66,leading limb,Geometric disappearance,False,fair
2026-04-01T21:27:15.483398+11:00,HIP 59423,6.74,30.65,trailing limb,Geometric reappearance,False,fair
2026-04-01T22:29:13.022461+11:00,HIP 59532,7.43,40.0,trailing limb,Geometric reappearance,False,fair
2026-04-02T01:32:42.641601+11:00,HIP 59983,7.08,50.23,leading limb,Geometric disappearance,False,fair
2026-04-02T01:32:57.875976+11:00,HIP 59984,6.57,50.22,leading limb,Geometric disappearance,False,fair
2026-04-02T02:35:12.055664+11:00,HIP 59984,6.57,45.27,trailing limb,Geometric reappearance,False,fair
2026-04-02T02:36:07.661133+11:00,HIP 59983,7.08,45.17,trailing limb,Geometric reappearance,False,fair
2026-04-02T03:21:50.932617+11:00,HIP 60167,7.16,39.5,leading limb,Geometric disappearance,False,fair
2026-04-02T04:34:16.186523+11:00,HIP 60167,7.16,28.46,trailing limb,Geometric reappearance,False,fair
2026-04-02T05:23:35.346680+11:00,HIP 60418,6.47,20.14,leading limb,Geometric disappearance,False,fair
2026-04-02T21:02:21.811523+11:00,HIP 63225,6.93,23.38,leading limb,Geometric disappearance,False,fair
2026-04-02T22:01:00.512695+11:00,HIP 63225,6.93,33.69,trailing limb,Geometric reappearance,False,fair
2026-04-02T22:49:43.227539+11:00,HIP 63486,7.35,41.69,leading limb,Geometric disappearance,False,fair
2026-04-02T23:38:26.000976+11:00,HIP 63486,7.35,48.71,trailing limb,Geometric reappearance,False,fair
2026-04-03T04:55:13.901367+11:00,HIP 64078,5.15,36.33,leading limb,Geometric disappearance,False,fair
2026-04-03T06:04:02.563476+11:00,HIP 64078,5.15,24.56,trailing limb,Geometric reappearance,False,fair
2026-04-03T06:26:51.665039+11:00,HIP 64288,7.81,20.55,leading limb,Geometric disappearance,False,fair
2026-04-03T21:30:58.725586+11:00,HIP 67069,6.9,24.47,leading limb,Geometric disappearance,False,fair
2026-04-03T22:25:06.459961+11:00,HIP 67069,6.9,34.22,trailing limb,Geometric reappearance,False,fair
2026-04-04T04:19:45.131836+11:00,HIP 67784,7.96,52.66,leading limb,Geometric disappearance,False,fair
2026-04-04T05:15:10.209961+11:00,HIP 67784,7.96,44.08,trailing limb,Geometric reappearance,False,fair
2026-04-04T05:39:52.866211+11:00,HIP 68007,7.77,39.94,leading limb,Geometric disappearance,False,fair
2026-04-04T06:50:19.995117+11:00,HIP 68007,7.77,27.63,trailing limb,Geometric reappearance,False,fair
2026-04-04T22:57:02.534180+11:00,HIP 71242,7.87,35.08,leading limb,Geometric disappearance,False,fair
2026-04-04T23:55:58.110351+11:00,HIP 71242,7.87,45.57,trailing limb,Geometric reappearance,False,fair
2026-04-06T03:16:16.010742+10:00,HIP 76075,6.75,70.5,leading limb,Geometric disappearance,False,fair
2026-04-06T04:16:08.188476+10:00,HIP 76075,6.75,64.34,trailing limb,Geometric reappearance,False,fair
2026-04-06T20:57:34.497070+10:00,HIP 79364,7.73,12.11,trailing limb,Geometric reappearance,False,fair
2026-04-07T23:56:35.727539+10:00,HIP 84175,6.12,35.17,leading limb,Geometric disappearance,False,fair
2026-04-08T00:43:49.028320+10:00,HIP 84297,6.68,43.62,leading limb,Geometric disappearance,False,fair
2026-04-08T00:58:58.637695+10:00,HIP 84175,6.12,46.34,trailing limb,Geometric reappearance,False,fair
2026-04-08T01:58:12.817383+10:00,HIP 84297,6.68,56.85,trailing limb,Geometric reappearance,False,fair
2026-04-08T02:44:49.526367+10:00,HIP 84588,7.89,64.68,leading limb,Geometric disappearance,False,fair
2026-04-08T04:06:16.831055+10:00,HIP 84588,7.89,74.54,trailing limb,Geometric reappearance,False,fair
2026-04-08T22:28:40.444336+10:00,HIP 88384,6.69,11.62,leading limb,Geometric disappearance,False,fair
2026-04-08T23:09:32.094726+10:00,HIP 88384,6.69,18.25,trailing limb,Geometric reappearance,False,fair
2026-04-09T00:09:59.838867+10:00,HIP 88683,7.29,28.54,leading limb,Geometric disappearance,False,fair
2026-04-09T00:18:48.149414+10:00,HIP 88683,7.29,30.08,trailing limb,Geometric reappearance,False,fair
2026-04-09T00:58:04.555664+10:00,HIP 88864,7.23,37.01,leading limb,Geometric disappearance,False,fair
2026-04-09T01:05:59.252930+10:00,HIP 88906,7.48,38.42,leading limb,Geometric disappearance,False,fair
2026-04-09T02:10:13.286133+10:00,HIP 88864,7.23,49.9,trailing limb,Geometric reappearance,False,fair
2026-04-09T02:21:27.875976+10:00,HIP 88906,7.48,51.9,trailing limb,Geometric reappearance,False,fair
2026-04-09T04:41:48.120117+10:00,HIP 89396,7.99,73.27,leading limb,Geometric disappearance,False,fair
2026-04-09T05:54:20.639648+10:00,HIP 89396,7.99,73.58,trailing limb,Geometric reappearance,False,fair
2026-04-11T00:41:54.829101+10:00,HIP 97944,6.22,14.33,leading limb,Geometric disappearance,False,fair
2026-04-11T01:07:12.700195+10:00,HIP 98024,7.94,18.59,leading limb,Geometric disappearance,False,fair
2026-04-11T01:43:27.202148+10:00,HIP 97944,6.22,24.84,trailing limb,Geometric reappearance,False,fair
2026-04-11T02:10:46.362305+10:00,HIP 98024,7.94,29.64,trailing limb,Geometric reappearance,False,fair
2026-04-12T04:39:53.598633+10:00,HIP 103018,7.29,44.94,leading limb,Geometric disappearance,False,fair
2026-04-12T05:39:50.844726+10:00,HIP 103018,7.29,54.72,trailing limb,Geometric reappearance,False,fair
2026-04-13T04:18:57.788086+10:00,HIP 107088,7.18,29.88,leading limb,Geometric disappearance,False,fair
2026-04-13T05:16:00.541992+10:00,HIP 107088,7.18,39.71,trailing limb,Geometric reappearance,False,fair
2026-04-13T05:35:06.518555+10:00,HIP 107302,5.96,42.88,leading limb,Geometric disappearance,False,fair
2026-04-14T03:36:02.885742+10:00,HIP 110979,7.71,10.4,leading limb,Geometric disappearance,False,fair
2026-04-14T03:57:36.870117+10:00,HIP 110979,7.71,14.19,trailing limb,Geometric reappearance,False,fair
2026-04-22T18:14:34.174805+10:00,HIP 31852,6.02,16.3,leading limb,Geometric disappearance,False,fair
2026-04-22T19:08:21.811523+10:00,HIP 32019,6.45,12.38,leading limb,Geometric disappearance,False,fair
2026-04-22T19:26:15.131836+10:00,HIP 31852,6.02,10.72,trailing limb,Geometric reappearance,False,fair
2026-04-23T19:03:07.602539+10:00,HIP 37704,5.3,19.56,leading limb,Geometric disappearance,False,fair
2026-04-23T20:08:00.659180+10:00,HIP 37704,5.3,14.96,trailing limb,Geometric reappearance,False,fair
2026-04-24T19:44:52.631836+10:00,HIP 42806,4.66,24.31,leading limb,Geometric disappearance,False,fair
2026-04-24T20:58:57.260742+10:00,HIP 42806,4.66,19.24,trailing limb,Geometric reappearance,False,fair
2026-04-25T19:49:19.819336+10:00,HIP 47189,5.73,30.72,leading limb,Geometric disappearance,False,fair
2026-04-25T20:14:54.799805+10:00,HIP 47196,7.84,30.24,leading limb,Geometric disappearance,False,fair
2026-04-25T21:06:01.010742+10:00,HIP 47189,5.73,27.69,trailing limb,Geometric reappearance,False,fair
2026-04-25T21:21:22.016601+10:00,HIP 47196,7.84,26.54,trailing limb,Geometric reappearance,False,fair
2026-04-25T22:58:35.258789+10:00,HIP 47557,7.97,15.94,leading limb,Geometric disappearance,False,fair
2026-04-26T20:15:24.125976+10:00,HIP 51105,7.2,36.6,leading limb,Geometric disappearance,False,fair
2026-04-26T21:08:58.051758+10:00,HIP 51105,7.2,35.82,trailing limb,Geometric reappearance,False,fair
2026-04-27T00:49:37.954101+10:00,HIP 51624,3.84,10.93,leading limb,Geometric disappearance,False,fair
2026-04-28T21:24:02.622070+10:00,HIP 58603,6.32,48.68,leading limb,Geometric disappearance,False,fair
2026-04-28T22:43:44.252930+10:00,HIP 58603,6.32,47.57,trailing limb,Geometric reappearance,False,fair
2026-04-28T23:48:12.260742+10:00,HIP 58791,7.86,41.82,leading limb,Geometric disappearance,False,fair
2026-04-29T00:57:56.030273+10:00,HIP 58791,7.86,32.39,trailing limb,Geometric reappearance,False,fair
2026-04-29T22:04:50.991211+10:00,HIP 62371,7.69,54.67,leading limb,Geometric disappearance,False,fair
2026-04-29T23:24:07.778320+10:00,HIP 62371,7.69,53.48,trailing limb,Geometric reappearance,False,fair
2026-05-02T20:39:00.219726+10:00,HIP 73927,6.13,36.66,leading limb,Geometric disappearance,False,fair
2026-05-02T21:45:26.381836+10:00,HIP 73927,6.13,48.53,trailing limb,Geometric reappearance,False,fair
2026-05-03T18:52:57.465820+10:00,HIP 77858,5.38,11.59,leading limb,Geometric disappearance,False,fair
2026-05-03T19:35:18.559570+10:00,HIP 77858,5.38,18.73,trailing limb,Geometric reappearance,False,fair
2026-05-03T22:55:19.145508+10:00,HIP 78494,7.76,54.28,leading limb,Geometric disappearance,False,fair
2026-05-03T23:47:36.020508+10:00,HIP 78494,7.76,62.94,trailing limb,Geometric reappearance,False,fair
2026-05-04T05:43:13.110351+10:00,HIP 79364,7.73,37.81,leading limb,Geometric disappearance,False,fair
2026-05-04T19:39:40.209961+10:00,HIP 82069,7.02,12.44,trailing limb,Geometric reappearance,False,fair
2026-05-04T20:45:58.081055+10:00,HIP 82397,7.5,23.54,leading limb,Geometric disappearance,False,fair
2026-05-04T21:25:07.514648+10:00,HIP 82397,7.5,30.38,trailing limb,Geometric reappearance,False,fair
2026-05-04T21:33:25.590820+10:00,HIP 82512,7.54,31.85,leading limb,Geometric disappearance,False,fair
2026-05-04T22:22:20.258789+10:00,HIP 82512,7.54,40.58,trailing limb,Geometric reappearance,False,fair
2026-05-05T05:41:56.323242+10:00,HIP 83511,7.74,47.95,leading limb,Geometric disappearance,False,fair
2026-05-05T05:58:34.848633+10:00,HIP 83511,7.74,44.98,trailing limb,Geometric reappearance,False,fair
2026-05-05T22:38:30.219726+10:00,HIP 87072,4.53,34.66,leading limb,Geometric disappearance,False,fair
2026-05-05T23:42:28.110351+10:00,HIP 87072,4.53,46.09,trailing limb,Geometric reappearance,False,fair
2026-05-07T00:56:26.118164+10:00,HIP 92041,3.17,49.67,leading limb,Geometric disappearance,False,fair
2026-05-07T02:18:49.672851+10:00,HIP 92041,3.17,63.68,trailing limb,Geometric reappearance,False,fair
2026-05-07T04:13:30.834961+10:00,HIP 92463,7.22,73.95,leading limb,Geometric disappearance,False,fair
2026-05-07T05:30:10.883789+10:00,HIP 92635,6.28,66.59,leading limb,Geometric disappearance,False,fair
2026-05-07T05:42:19.086914+10:00,HIP 92463,7.22,64.77,trailing limb,Geometric reappearance,False,fair
2026-05-07T23:47:20.727539+10:00,HIP 96406,5.64,27.25,leading limb,Geometric disappearance,False,fair
2026-05-08T00:02:09.975586+10:00,HIP 96465,4.59,29.85,leading limb,Geometric disappearance,False,fair
2026-05-08T00:48:23.071289+10:00,HIP 96406,5.64,38.06,trailing limb,Geometric reappearance,False,fair
2026-05-08T01:12:55.209961+10:00,HIP 96465,4.59,42.43,trailing limb,Geometric reappearance,False,fair
2026-05-08T03:59:00.278320+10:00,HIP 96967,7.68,68.62,leading limb,Geometric disappearance,False,fair
2026-05-08T05:12:32.534180+10:00,HIP 96967,7.68,71.27,trailing limb,Geometric reappearance,False,fair
2026-05-09T06:11:27.114258+10:00,HIP 101666,7.19,67.18,leading limb,Geometric disappearance,False,fair
2026-05-10T00:17:44.604492+10:00,HIP 104914,6.05,11.16,trailing limb,Geometric reappearance,False,fair
2026-05-10T03:09:11.528320+10:00,HIP 105515,4.28,41.18,leading limb,Geometric disappearance,False,fair
2026-05-10T04:25:45.102539+10:00,HIP 105515,4.28,53.34,trailing limb,Geometric reappearance,False,fair
2026-05-11T02:22:51.079101+10:00,HIP 109298,7.33,21.7,leading limb,Geometric disappearance,False,fair
2026-05-11T03:16:20.112305+10:00,HIP 109357,7.87,31.03,leading limb,Geometric disappearance,False,fair
2026-05-11T03:25:38.774414+10:00,HIP 109472,5.43,32.62,leading limb,Geometric disappearance,False,fair
2026-05-11T03:27:17.299805+10:00,HIP 109298,7.33,32.9,trailing limb,Geometric reappearance,False,fair
2026-05-11T03:48:52.514648+10:00,HIP 109357,7.87,36.53,trailing limb,Geometric reappearance,False,fair
2026-05-11T04:33:49.526367+10:00,HIP 109472,5.43,43.68,trailing limb,Geometric reappearance,False,fair
2026-05-11T04:53:52.954101+10:00,HIP 109613,7.25,46.63,leading limb,Geometric disappearance,False,fair
2026-05-11T06:07:04.936523+10:00,HIP 109613,7.25,55.12,trailing limb,Geometric reappearance,False,fair
2026-05-12T02:24:38.510742+10:00,HIP 113192,7.18,10.16,leading limb,Geometric disappearance,False,fair
2026-05-12T03:03:29.545898+10:00,HIP 113192,7.18,16.97,trailing limb,Geometric reappearance,False,fair
2026-05-12T06:24:18.090820+10:00,HIP 113686,5.94,46.95,leading limb,Geometric disappearance,False,fair
2026-05-13T03:45:46.538086+10:00,HIP 117097,8.0,11.98,trailing limb,Geometric reappearance,False,fair
2026-05-20T18:16:34.174805+10:00,HIP 35494,6.96,12.09,trailing limb,Geometric reappearance,False,fair
2026-05-22T18:43:53.862305+10:00,HIP 45699,6.61,27.22,leading limb,Geometric disappearance,False,fair
2026-05-22T19:14:44.282226+10:00,HIP 45699,6.61,25.18,trailing limb,Geometric reappearance,False,fair
2026-05-23T18:57:45.307617+10:00,HIP 49925,7.78,34.45,leading limb,Geometric disappearance,False,fair
2026-05-23T20:03:11.469726+10:00,HIP 49925,7.78,30.67,trailing limb,Geometric reappearance,False,fair
2026-05-24T19:17:16.010742+10:00,HIP 53824,4.98,41.12,leading limb,Geometric disappearance,False,fair
2026-05-24T20:31:20.024414+10:00,HIP 53824,4.98,37.84,trailing limb,Geometric reappearance,False,fair
2026-05-24T22:16:22.543945+10:00,HIP 54108,7.84,25.9,leading limb,Geometric disappearance,False,fair
2026-05-24T23:22:12.202148+10:00,HIP 54108,7.84,15.83,trailing limb,Geometric reappearance,False,fair
2026-05-25T21:15:00.834961+10:00,HIP 57629,6.15,43.61,leading limb,Geometric disappearance,False,fair
2026-05-25T22:01:13.959961+10:00,HIP 57629,6.15,38.74,trailing limb,Geometric reappearance,False,fair
2026-05-27T18:12:55.151367+10:00,HIP 64638,7.02,40.69,leading limb,Geometric disappearance,False,fair
2026-05-27T19:19:07.895508+10:00,HIP 64638,7.02,50.66,trailing limb,Geometric reappearance,False,fair
2026-05-27T19:38:00.776367+10:00,HIP 64828,6.61,53.03,leading limb,Geometric disappearance,False,fair
2026-05-27T20:41:34.409180+10:00,HIP 64828,6.61,58.46,trailing limb,Geometric reappearance,False,fair
2026-05-27T21:08:25.883789+10:00,HIP 64953,7.57,59.21,leading limb,Geometric disappearance,False,fair
2026-05-27T22:30:57.817383+10:00,HIP 64953,7.57,55.14,trailing limb,Geometric reappearance,False,fair
2026-05-27T23:50:30.307617+10:00,HIP 65239,6.88,44.76,leading limb,Geometric disappearance,False,fair
2026-05-28T01:02:46.069336+10:00,HIP 65239,6.88,32.89,trailing limb,Geometric reappearance,False,fair
2026-05-29T04:12:32.534180+10:00,HIP 69658,5.53,10.54,leading limb,Geometric disappearance,False,fair
2026-05-29T23:57:36.284180+10:00,HIP 73184,5.72,63.63,leading limb,Geometric disappearance,False,fair
2026-05-30T00:52:52.631836+10:00,HIP 73184,5.72,55.78,trailing limb,Geometric reappearance,False,fair
2026-05-30T03:13:21.577148+10:00,HIP 73588,7.85,31.51,leading limb,Geometric disappearance,False,fair
2026-05-30T04:18:50.434570+10:00,HIP 73588,7.85,19.99,trailing limb,Geometric reappearance,False,fair
2026-05-30T05:12:38.950195+10:00,HIP 73927,6.13,10.86,leading limb,Geometric disappearance,False,fair
2026-05-30T21:06:44.838867+10:00,HIP 77077,7.59,56.29,leading limb,Geometric disappearance,False,fair
2026-05-30T22:19:39.360351+10:00,HIP 77077,7.59,67.29,trailing limb,Geometric reappearance,False,fair
2026-05-31T04:11:58.549805+10:00,HIP 77909,5.87,31.51,leading limb,Geometric disappearance,False,fair
2026-05-31T05:00:27.026367+10:00,HIP 77909,5.87,23.03,trailing limb,Geometric reappearance,False,fair
2026-05-31T18:47:14.165039+10:00,HIP 80910,6.07,24.16,leading limb,Geometric disappearance,False,fair
2026-05-31T19:14:34.731445+10:00,HIP 80910,6.07,28.95,trailing limb,Geometric reappearance,False,fair
2026-06-01T01:34:16.889648+10:00,HIP 81821,7.91,68.12,leading limb,Geometric disappearance,False,fair
2026-06-01T02:07:18.530273+10:00,HIP 81910,6.72,63.18,leading limb,Geometric disappearance,False,fair
2026-06-01T02:22:32.446289+10:00,HIP 81821,7.91,60.7,trailing limb,Geometric reappearance,False,fair
2026-06-01T03:04:55.356445+10:00,HIP 81910,6.72,53.45,trailing limb,Geometric reappearance,False,fair
2026-06-01T05:49:29.604492+10:00,HIP 82397,7.5,24.35,leading limb,Geometric disappearance,False,fair
2026-06-01T06:21:49.057617+10:00,HIP 82512,7.54,18.87,leading limb,Geometric disappearance,False,fair
2026-06-01T06:22:00.952148+10:00,HIP 82397,7.5,18.83,trailing limb,Geometric reappearance,False,fair
2026-06-01T19:17:23.920898+10:00,HIP 85318,7.49,21.26,leading limb,Geometric disappearance,False,fair
2026-06-01T20:00:20.551758+10:00,HIP 85318,7.49,28.66,trailing limb,Geometric reappearance,False,fair
2026-06-02T19:19:24.418945+10:00,HIP 89678,4.66,12.94,trailing limb,Geometric reappearance,False,fair
2026-06-03T20:50:11.938476+10:00,HIP 94699,7.14,18.52,leading limb,Geometric disappearance,False,fair
2026-06-03T21:42:32.651367+10:00,HIP 94699,7.14,27.53,trailing limb,Geometric reappearance,False,fair
2026-06-05T03:09:37.514648+10:00,HIP 100067,7.76,68.43,leading limb,Geometric disappearance,False,fair
2026-06-05T03:31:39.389648+10:00,HIP 100062,5.86,69.16,leading limb,Geometric disappearance,False,fair
2026-06-05T04:36:25.356445+10:00,HIP 100067,7.76,65.94,trailing limb,Geometric reappearance,False,fair
2026-06-05T04:39:17.768555+10:00,HIP 100062,5.86,65.64,trailing limb,Geometric reappearance,False,fair
2026-06-05T05:57:29.106445+10:00,HIP 100394,7.79,54.63,leading limb,Geometric disappearance,False,fair
2026-06-06T01:00:57.260742+10:00,HIP 103976,7.47,41.37,leading limb,Geometric disappearance,False,fair
2026-06-06T02:07:56.967773+10:00,HIP 103976,7.47,52.37,trailing limb,Geometric reappearance,False,fair
2026-06-08T00:58:59.956055+10:00,HIP 111761,6.23,18.52,leading limb,Geometric disappearance,False,fair
2026-06-08T01:47:27.026367+10:00,HIP 111863,7.73,26.91,leading limb,Geometric disappearance,False,fair
2026-06-08T02:02:01.889648+10:00,HIP 111761,6.23,29.38,trailing limb,Geometric reappearance,False,fair
2026-06-08T02:59:38.569336+10:00,HIP 111863,7.73,38.62,trailing limb,Geometric reappearance,False,fair
2026-06-08T04:20:18.676758+10:00,HIP 112178,7.66,49.07,leading limb,Geometric disappearance,False,fair
2026-06-08T04:31:33.208008+10:00,HIP 112179,6.4,50.16,leading limb,Geometric disappearance,False,fair
2026-06-08T05:13:36.665039+10:00,HIP 112178,7.66,53.08,trailing limb,Geometric reappearance,False,fair
2026-06-08T05:52:08.276367+10:00,HIP 112179,6.4,53.91,trailing limb,Geometric reappearance,False,fair
2026-06-09T02:11:54.711914+10:00,HIP 115572,7.54,19.33,trailing limb,Geometric reappearance,False,fair
2026-06-09T04:10:15.629883+10:00,HIP 115951,6.88,37.39,leading limb,Geometric disappearance,False,fair
2026-06-09T04:17:56.557617+10:00,HIP 115891,7.87,38.37,leading limb,Geometric disappearance,False,fair
2026-06-09T05:08:51.401367+10:00,HIP 115891,7.87,43.81,trailing limb,Geometric reappearance,False,fair
2026-06-09T05:22:40.942383+10:00,HIP 115951,6.88,44.93,trailing limb,Geometric reappearance,False,fair
2026-06-11T04:04:18.383789+10:00,HIP 5244,7.22,13.1,leading limb,Geometric disappearance,False,fair
2026-06-11T05:07:36.870117+10:00,HIP 5244,7.22,22.01,trailing limb,Geometric reappearance,False,fair
2026-06-11T05:29:37.983398+10:00,HIP 5417,7.94,24.71,leading limb,Geometric disappearance,False,fair
2026-06-11T06:39:49.965820+10:00,HIP 5417,7.94,31.44,trailing limb,Geometric reappearance,False,fair
2026-06-13T06:51:04.467773+10:00,HIP 14394,7.67,11.8,leading limb,Geometric disappearance,False,fair
2026-06-13T06:54:23.803711+10:00,HIP 14230,7.09,12.18,trailing limb,Geometric reappearance,False,fair
2026-06-20T19:40:18.618164+10:00,HIP 52616,7.55,28.4,leading limb,Geometric disappearance,False,fair
2026-06-20T20:48:06.811523+10:00,HIP 52616,7.55,18.97,trailing limb,Geometric reappearance,False,fair
2026-06-24T01:01:58.930664+10:00,HIP 64378,6.89,10.67,leading limb,Geometric disappearance,False,fair
2026-06-24T01:05:05.288086+10:00,HIP 64378,6.89,10.13,trailing limb,Geometric reappearance,False,fair
2026-06-24T21:38:27.846680+10:00,HIP 67784,7.96,55.39,leading limb,Geometric disappearance,False,fair
2026-06-24T22:58:17.329101+10:00,HIP 67784,7.96,43.27,trailing limb,Geometric reappearance,False,fair
2026-06-24T23:25:32.182617+10:00,HIP 68007,7.77,38.65,leading limb,Geometric disappearance,False,fair
2026-06-25T00:18:34.086914+10:00,HIP 68007,7.77,29.36,trailing limb,Geometric reappearance,False,fair
2026-06-25T17:50:45.043945+10:00,HIP 71242,7.87,48.72,trailing limb,Geometric reappearance,False,fair
2026-06-26T22:42:58.403320+10:00,HIP 76075,6.75,65.58,leading limb,Geometric disappearance,False,fair
2026-06-26T23:38:34.174805+10:00,HIP 76075,6.75,57.31,trailing limb,Geometric reappearance,False,fair
2026-06-28T01:57:44.399414+10:00,Antares,1.06,43.14,leading limb,Geometric disappearance,False,fair
2026-06-28T02:57:44.311523+10:00,HIP 80910,6.07,32.46,leading limb,Geometric disappearance,False,fair
2026-06-28T03:00:38.247070+10:00,Antares,1.06,31.95,trailing limb,Geometric reappearance,False,fair
2026-06-28T04:03:02.036133+10:00,HIP 80910,6.07,21.13,trailing limb,Geometric reappearance,False,fair
2026-06-28T22:22:55.678711+10:00,HIP 84588,7.89,72.77,leading limb,Geometric disappearance,False,fair
2026-06-28T23:40:52.573242+10:00,HIP 84588,7.89,73.31,trailing limb,Geometric reappearance,False,fair
2026-06-29T01:05:46.772461+10:00,HIP 84903,7.38,61.74,leading limb,Geometric disappearance,False,fair
2026-06-29T01:49:08.452148+10:00,HIP 84903,7.38,54.3,trailing limb,Geometric reappearance,False,fair
2026-06-29T03:39:27.670898+10:00,HIP 85318,7.49,34.64,leading limb,Geometric disappearance,False,fair
2026-06-29T04:38:35.258789+10:00,HIP 85318,7.49,24.31,trailing limb,Geometric reappearance,False,fair
2026-06-29T19:07:13.842773+10:00,HIP 88683,7.29,32.04,leading limb,Geometric disappearance,False,fair
2026-06-29T20:16:40.122070+10:00,HIP 88683,7.29,44.4,trailing limb,Geometric reappearance,False,fair
2026-06-29T23:54:55.092773+10:00,HIP 89366,7.16,74.72,leading limb,Geometric disappearance,False,fair
2026-06-30T01:21:47.592773+10:00,HIP 89366,7.16,67.12,trailing limb,Geometric reappearance,False,fair
2026-06-30T02:21:13.315430+10:00,HIP 89662,7.21,57.46,leading limb,Geometric disappearance,False,fair
2026-06-30T02:54:36.430664+10:00,HIP 89678,4.66,51.61,leading limb,Geometric disappearance,False,fair
2026-06-30T03:33:16.391601+10:00,HIP 89662,7.21,44.7,trailing limb,Geometric reappearance,False,fair
2026-06-30T03:37:59.223633+10:00,HIP 89678,4.66,43.85,trailing limb,Geometric reappearance,False,fair
2026-06-30T18:00:02.827148+10:00,HIP 92855,2.05,11.24,trailing limb,Geometric reappearance,False,fair
2026-06-30T22:09:25.678711+10:00,HIP 93736,7.37,54.5,leading limb,Geometric disappearance,False,fair
2026-06-30T23:29:03.266601+10:00,HIP 93736,7.37,67.1,trailing limb,Geometric reappearance,False,fair
2026-07-01T00:27:13.286133+10:00,HIP 93963,7.44,72.69,leading limb,Geometric disappearance,False,fair
2026-07-01T01:19:35.463867+10:00,HIP 93963,7.44,71.85,trailing limb,Geometric reappearance,False,fair
2026-07-01T04:58:27.172851+10:00,HIP 94643,4.86,37.44,leading limb,Geometric disappearance,False,fair
2026-07-01T06:02:47.065430+10:00,HIP 94643,4.86,25.95,trailing limb,Geometric reappearance,False,fair
2026-07-02T02:26:48.647461+10:00,HIP 98752,7.96,67.58,leading limb,Geometric disappearance,False,fair
2026-07-02T03:03:03.618164+10:00,HIP 98785,6.44,63.3,leading limb,Geometric disappearance,False,fair
2026-07-02T03:33:49.057617+10:00,HIP 98752,7.96,58.78,trailing limb,Geometric reappearance,False,fair
2026-07-02T04:07:40.590820+10:00,HIP 98785,6.44,53.25,trailing limb,Geometric reappearance,False,fair
2026-07-02T22:11:15.219726+10:00,HIP 102528,7.63,33.8,leading limb,Geometric disappearance,False,fair
2026-07-02T22:54:03.911133+10:00,HIP 102528,7.63,41.33,trailing limb,Geometric reappearance,False,fair
2026-07-02T23:29:26.850586+10:00,HIP 102660,6.81,47.38,leading limb,Geometric disappearance,False,fair
2026-07-02T23:47:43.549805+10:00,HIP 102660,6.81,50.4,trailing limb,Geometric reappearance,False,fair
2026-07-03T02:34:12.729492+10:00,HIP 103114,6.82,66.05,leading limb,Geometric disappearance,False,fair
2026-07-03T02:57:30.454101+10:00,HIP 103166,7.46,65.04,leading limb,Geometric disappearance,False,fair
2026-07-03T03:22:27.407226+10:00,HIP 103114,6.82,63.03,trailing limb,Geometric reappearance,False,fair
2026-07-03T03:29:04.174805+10:00,HIP 103224,6.66,62.36,leading limb,Geometric disappearance,False,fair
2026-07-03T03:55:36.811523+10:00,HIP 103166,7.46,59.19,trailing limb,Geometric reappearance,False,fair
2026-07-03T04:42:33.940430+10:00,HIP 103224,6.66,52.29,trailing limb,Geometric reappearance,False,fair
2026-07-04T02:44:31.127930+10:00,HIP 107095,5.16,60.93,leading limb,Geometric disappearance,False,fair
2026-07-04T04:06:49.995117+10:00,HIP 107095,5.16,58.47,trailing limb,Geometric reappearance,False,fair
2026-07-05T04:50:09.506836+10:00,HIP 111113,7.37,53.13,leading limb,Geometric disappearance,False,fair
2026-07-05T06:07:29.223633+10:00,HIP 111113,7.37,44.36,trailing limb,Geometric reappearance,False,fair
2026-07-06T02:57:55.063476+10:00,HIP 114700,7.14,44.77,leading limb,Geometric disappearance,False,fair
2026-07-06T04:15:46.157226+10:00,HIP 114700,7.14,49.42,trailing limb,Geometric reappearance,False,fair
2026-07-07T00:58:49.233398+10:00,HIP 118104,7.64,17.17,leading limb,Geometric disappearance,False,fair
2026-07-07T02:00:58.754883+10:00,HIP 118104,7.64,26.86,trailing limb,Geometric reappearance,False,fair
2026-07-07T05:14:28.696289+10:00,HIP 294,7.89,43.18,leading limb,Geometric disappearance,False,fair
2026-07-07T06:12:58.784180+10:00,HIP 294,7.89,41.31,trailing limb,Geometric reappearance,False,fair
2026-07-09T04:46:38.452148+10:00,HIP 7975,7.58,24.95,leading limb,Geometric disappearance,False,fair
2026-07-09T05:23:19.204101+10:00,HIP 7975,7.58,27.88,trailing limb,Geometric reappearance,False,fair
2026-07-16T17:31:41.381836+10:00,HIP 46311,7.97,14.1,trailing limb,Geometric reappearance,False,fair
2026-07-20T18:01:40.327148+10:00,HIP 62206,7.6,53.78,trailing limb,Geometric reappearance,False,fair
2026-07-20T20:21:20.288086+10:00,HIP 62551,7.55,36.39,leading limb,Geometric disappearance,False,fair
2026-07-20T20:57:45.219726+10:00,HIP 62551,7.55,30.36,trailing limb,Geometric reappearance,False,fair
2026-07-21T21:16:43.315430+10:00,HIP 66512,7.87,38.41,leading limb,Geometric disappearance,False,fair
2026-07-21T22:24:40.678711+10:00,HIP 66512,7.87,26.58,trailing limb,Geometric reappearance,False,fair
2026-07-22T17:48:49.877930+10:00,HIP 69998,7.27,64.29,trailing limb,Geometric reappearance,False,fair
2026-07-22T18:08:03.618164+10:00,HIP 70134,7.93,65.53,leading limb,Geometric disappearance,False,fair
2026-07-22T19:21:59.926758+10:00,HIP 70134,7.93,64.37,trailing limb,Geometric reappearance,False,fair
2026-07-23T18:54:16.303711+10:00,HIP 74219,7.96,69.45,trailing limb,Geometric reappearance,False,fair
2026-07-24T19:00:51.020508+10:00,HIP 78650,4.96,68.17,leading limb,Geometric disappearance,False,fair
2026-07-24T20:20:15.893555+10:00,HIP 78650,4.96,73.0,trailing limb,Geometric reappearance,False,fair
2026-07-25T00:30:41.674805+10:00,HIP 79364,7.73,36.11,leading limb,Geometric disappearance,False,fair
2026-07-25T01:25:29.282226+10:00,HIP 79364,7.73,26.46,trailing limb,Geometric reappearance,False,fair
2026-07-26T18:17:20.551758+10:00,HIP 87072,4.53,45.57,trailing limb,Geometric reappearance,False,fair
2026-07-27T19:57:37.016601+10:00,HIP 92041,3.17,53.69,leading limb,Geometric disappearance,False,fair
2026-07-27T20:20:29.721680+10:00,HIP 92041,3.17,57.63,trailing limb,Geometric reappearance,False,fair
2026-07-27T22:55:29.721680+10:00,HIP 92463,7.22,73.62,leading limb,Geometric disappearance,False,fair
2026-07-27T23:48:17.944336+10:00,HIP 92463,7.22,69.1,trailing limb,Geometric reappearance,False,fair
2026-07-28T00:10:31.977539+10:00,HIP 92635,6.28,66.04,leading limb,Geometric disappearance,False,fair
2026-07-28T00:57:42.641601+10:00,HIP 92635,6.28,58.51,trailing limb,Geometric reappearance,False,fair
2026-07-28T01:48:27.670898+10:00,HIP 92855,2.05,49.65,leading limb,Geometric disappearance,False,fair
2026-07-28T02:56:17.622070+10:00,HIP 92855,2.05,37.48,trailing limb,Geometric reappearance,False,fair
2026-07-28T18:18:49.321289+10:00,HIP 96406,5.64,25.95,leading limb,Geometric disappearance,False,fair
2026-07-28T19:07:26.704101+10:00,HIP 96406,5.64,34.53,trailing limb,Geometric reappearance,False,fair
2026-07-28T22:08:06.665039+10:00,HIP 96967,7.68,64.88,leading limb,Geometric disappearance,False,fair
2026-07-28T23:19:29.897461+10:00,HIP 96967,7.68,71.18,trailing limb,Geometric reappearance,False,fair
2026-07-29T04:45:34.291992+10:00,HIP 97834,7.8,25.18,leading limb,Geometric disappearance,False,fair
2026-07-29T05:44:01.860351+10:00,HIP 97834,7.8,14.95,trailing limb,Geometric reappearance,False,fair
2026-07-29T19:28:11.118164+10:00,HIP 101039,7.08,27.52,leading limb,Geometric disappearance,False,fair
2026-07-29T20:24:32.094726+10:00,HIP 101039,7.08,37.51,trailing limb,Geometric reappearance,False,fair
2026-07-29T20:45:08.012695+10:00,HIP 101192,7.05,41.14,leading limb,Geometric disappearance,False,fair
2026-07-29T21:17:06.166992+10:00,HIP 101192,7.05,46.69,trailing limb,Geometric reappearance,False,fair
2026-07-30T00:10:39.301758+10:00,HIP 101666,7.19,67.55,leading limb,Geometric disappearance,False,fair
2026-07-30T00:59:54.741211+10:00,HIP 101666,7.19,66.06,trailing limb,Geometric reappearance,False,fair
2026-07-30T05:12:11.323242+10:00,HIP 102325,7.44,26.51,leading limb,Geometric disappearance,False,fair
2026-07-30T06:11:38.686523+10:00,HIP 102325,7.44,15.86,trailing limb,Geometric reappearance,False,fair
2026-07-30T21:36:11.499023+10:00,HIP 105481,7.45,39.01,leading limb,Geometric disappearance,False,fair
2026-07-30T22:54:40.971680+10:00,HIP 105481,7.45,51.68,trailing limb,Geometric reappearance,False,fair
2026-07-31T22:37:33.354492+10:00,HIP 109460,6.64,38.1,leading limb,Geometric disappearance,False,fair
2026-07-31T23:54:51.899414+10:00,HIP 109460,6.64,49.46,trailing limb,Geometric reappearance,False,fair
2026-08-01T06:47:33.500976+10:00,HIP 110338,7.2,18.6,leading limb,Geometric disappearance,False,fair
2026-08-01T23:17:38.510742+10:00,HIP 113345,6.31,33.2,leading limb,Geometric disappearance,False,fair
2026-08-02T00:24:35.815430+10:00,HIP 113345,6.31,42.7,trailing limb,Geometric reappearance,False,fair
2026-08-02T01:07:31.713867+10:00,HIP 113537,7.96,47.38,leading limb,Geometric disappearance,False,fair
2026-08-02T02:20:48.295898+10:00,HIP 113537,7.96,51.3,trailing limb,Geometric reappearance,False,fair
2026-08-02T03:06:24.448242+10:00,HIP 113718,7.48,50.53,leading limb,Geometric disappearance,False,fair
2026-08-02T04:11:24.477539+10:00,HIP 113718,7.48,45.43,trailing limb,Geometric reappearance,False,fair
2026-08-03T03:13:47.299805+10:00,HIP 117445,6.47,45.02,leading limb,Geometric disappearance,False,fair
2026-08-03T04:31:27.348633+10:00,HIP 117445,6.47,41.71,trailing limb,Geometric reappearance,False,fair
2026-08-03T05:50:55.766601+10:00,HIP 117683,5.59,32.94,leading limb,Geometric disappearance,False,fair
2026-08-06T03:19:02.944336+10:00,HIP 10732,5.58,20.16,leading limb,Geometric disappearance,False,fair
2026-08-06T03:27:50.903320+10:00,HIP 10810,6.82,20.98,leading limb,Geometric disappearance,False,fair
2026-08-06T04:15:24.477539+10:00,HIP 10732,5.58,24.59,trailing limb,Geometric reappearance,False,fair
2026-08-06T04:30:35.170898+10:00,HIP 10810,6.82,25.42,trailing limb,Geometric reappearance,False,fair
2026-08-07T05:44:47.006836+10:00,HIP 15560,7.31,21.69,leading limb,Geometric disappearance,False,fair
2026-08-08T05:09:06.489258+10:00,HIP 20324,7.21,12.62,leading limb,Geometric disappearance,False,fair
2026-08-08T05:22:57.290039+10:00,HIP 20250,4.97,13.83,trailing limb,Geometric reappearance,False,fair
2026-08-08T05:36:09.213867+10:00,HIP 20324,7.21,14.87,trailing limb,Geometric reappearance,False,fair
2026-08-09T06:29:36.694336+10:00,HIP 25730,6.2,12.83,leading limb,Geometric disappearance,False,fair
2026-08-17T18:17:41.264648+10:00,HIP 64718,7.28,45.24,leading limb,Geometric disappearance,False,fair
2026-08-17T19:30:37.426758+10:00,HIP 64718,7.28,33.37,trailing limb,Geometric reappearance,False,fair
2026-08-17T20:10:54.360351+10:00,HIP 64971,7.34,26.38,leading limb,Geometric disappearance,False,fair
2026-08-17T20:38:09.213867+10:00,HIP 65014,7.96,21.58,leading limb,Geometric disappearance,False,fair
2026-08-17T21:10:17.358398+10:00,HIP 65014,7.96,15.91,trailing limb,Geometric reappearance,False,fair
2026-08-17T21:16:13.725586+10:00,HIP 64971,7.34,14.87,trailing limb,Geometric reappearance,False,fair
2026-08-18T18:52:31.420898+10:00,HIP 68643,6.32,50.81,trailing limb,Geometric reappearance,False,fair
2026-08-18T19:59:02.827148+10:00,HIP 68918,7.68,39.8,leading limb,Geometric disappearance,False,fair
2026-08-18T20:35:01.010742+10:00,HIP 68918,7.68,33.51,trailing limb,Geometric reappearance,False,fair
2026-08-19T20:55:13.286133+10:00,HIP 73181,7.95,40.9,leading limb,Geometric disappearance,False,fair
2026-08-19T21:54:21.196289+10:00,HIP 73181,7.95,30.4,trailing limb,Geometric reappearance,False,fair
2026-08-19T23:37:25.239258+10:00,HIP 73588,7.85,12.54,leading limb,Geometric disappearance,False,fair
2026-08-20T20:21:16.215820+10:00,HIP 77399,7.15,57.18,leading limb,Geometric disappearance,False,fair
2026-08-20T21:39:07.426758+10:00,HIP 77399,7.15,43.65,trailing limb,Geometric reappearance,False,fair
2026-08-20T23:29:40.766601+10:00,HIP 77840,4.59,24.11,leading limb,Geometric disappearance,False,fair
2026-08-20T23:58:22.954101+10:00,HIP 77909,5.87,19.19,leading limb,Geometric disappearance,False,fair
2026-08-21T00:29:25.209961+10:00,HIP 77840,4.59,14.01,trailing limb,Geometric reappearance,False,fair
2026-08-21T21:26:14.750976+10:00,HIP 81821,7.91,55.93,leading limb,Geometric disappearance,False,fair
2026-08-21T22:44:30.073242+10:00,HIP 81821,7.91,42.07,trailing limb,Geometric reappearance,False,fair
2026-08-25T22:46:31.831055+10:00,HIP 100062,5.86,68.1,leading limb,Geometric disappearance,False,fair
2026-08-25T22:49:30.893555+10:00,HIP 100067,7.76,67.9,leading limb,Geometric disappearance,False,fair
2026-08-25T23:41:45.717773+10:00,HIP 100067,7.76,62.43,trailing limb,Geometric reappearance,False,fair
2026-08-26T00:08:32.211914+10:00,HIP 100062,5.86,58.59,trailing limb,Geometric reappearance,False,fair
2026-08-26T01:11:03.588867+10:00,HIP 100394,7.79,48.29,leading limb,Geometric disappearance,False,fair
2026-08-26T02:16:55.737305+10:00,HIP 100394,7.79,36.55,trailing limb,Geometric reappearance,False,fair
2026-08-26T19:51:03.295898+10:00,HIP 103976,7.47,43.55,leading limb,Geometric disappearance,False,fair
2026-08-26T21:09:04.965820+10:00,HIP 103976,7.47,55.82,trailing limb,Geometric reappearance,False,fair
2026-08-26T22:48:48.061523+10:00,HIP 104297,6.18,64.65,leading limb,Geometric disappearance,False,fair
2026-08-27T00:08:05.083008+10:00,HIP 104297,6.18,61.01,trailing limb,Geometric reappearance,False,fair
2026-08-28T19:20:19.877930+10:00,HIP 111577,7.03,15.32,trailing limb,Geometric reappearance,False,fair
2026-08-28T19:46:01.625976+10:00,HIP 111647,7.48,19.82,trailing limb,Geometric reappearance,False,fair
2026-08-28T22:45:44.428711+10:00,HIP 112179,6.4,47.35,leading limb,Geometric disappearance,False,fair
2026-08-28T23:07:15.102539+10:00,HIP 112179,6.4,49.56,trailing limb,Geometric reappearance,False,fair
2026-08-29T21:49:01.010742+10:00,HIP 115891,7.87,28.53,leading limb,Geometric disappearance,False,fair
2026-08-29T22:56:48.325195+10:00,HIP 115891,7.87,38.03,trailing limb,Geometric reappearance,False,fair
2026-08-31T00:48:26.909180+10:00,HIP 1602,6.81,38.5,leading limb,Geometric disappearance,False,fair
2026-08-31T02:04:24.389648+10:00,HIP 1602,6.81,40.59,trailing limb,Geometric reappearance,False,fair
2026-08-31T05:54:48.178711+10:00,HIP 2025,6.77,17.33,leading limb,Geometric disappearance,False,fair
2026-08-31T06:04:30.014648+10:00,HIP 2025,6.77,15.76,trailing limb,Geometric reappearance,False,fair
2026-09-02T00:51:26.323242+10:00,HIP 9449,7.24,18.99,leading limb,Geometric disappearance,False,fair
2026-09-02T01:51:30.952148+10:00,HIP 9449,7.24,24.67,trailing limb,Geometric reappearance,False,fair
2026-09-02T02:16:51.372070+10:00,HIP 9627,6.24,26.37,leading limb,Geometric disappearance,False,fair
2026-09-02T03:12:21.694336+10:00,HIP 9627,6.24,28.41,trailing limb,Geometric reappearance,False,fair
2026-09-06T04:53:08.393555+10:00,HIP 29352,7.79,10.34,trailing limb,Geometric reappearance,False,fair
2026-09-07T05:50:30.541992+10:00,HIP 35253,6.38,11.66,trailing limb,Geometric reappearance,False,fair
2026-09-07T05:54:40.473633+10:00,HIP 35494,6.96,12.09,leading limb,Geometric disappearance,False,fair
2026-09-14T18:54:36.401367+10:00,HIP 67139,6.18,27.13,leading limb,Geometric disappearance,False,fair
2026-09-14T19:31:51.811523+10:00,HIP 67139,6.18,20.55,trailing limb,Geometric reappearance,False,fair
2026-09-15T18:51:43.227539+10:00,HIP 71295,6.49,38.95,leading limb,Geometric disappearance,False,fair
2026-09-15T19:20:19.350586+10:00,HIP 71295,6.49,33.9,trailing limb,Geometric reappearance,False,fair
2026-09-16T21:55:14.458008+10:00,HIP 76075,6.75,17.55,leading limb,Geometric disappearance,False,fair
2026-09-16T22:30:23.100586+10:00,HIP 76075,6.75,11.7,trailing limb,Geometric reappearance,False,fair
2026-09-18T19:12:19.145508+10:00,HIP 84297,6.68,65.64,leading limb,Geometric disappearance,False,fair
2026-09-18T19:28:17.182617+10:00,HIP 84175,6.12,63.1,trailing limb,Geometric reappearance,False,fair
2026-09-18T20:23:30.952148+10:00,HIP 84297,6.68,53.67,trailing limb,Geometric reappearance,False,fair
2026-09-18T21:20:56.147461+10:00,HIP 84588,7.89,43.44,leading limb,Geometric disappearance,False,fair
2026-09-18T22:10:32.299805+10:00,HIP 84588,7.89,34.59,trailing limb,Geometric reappearance,False,fair
2026-09-18T23:07:36.899414+10:00,HIP 84903,7.38,24.62,leading limb,Geometric disappearance,False,fair
2026-09-18T23:08:10.766601+10:00,HIP 84888,7.94,24.52,leading limb,Geometric disappearance,False,fair
2026-09-18T23:58:07.954101+10:00,HIP 84888,7.94,16.13,trailing limb,Geometric reappearance,False,fair
2026-09-19T00:05:50.200195+10:00,HIP 84903,7.38,14.87,trailing limb,Geometric reappearance,False,fair
2026-09-19T19:10:50.141601+10:00,HIP 88683,7.29,72.52,trailing limb,Geometric reappearance,False,fair
2026-09-19T20:00:35.581055+10:00,HIP 88906,7.48,66.01,leading limb,Geometric disappearance,False,fair
2026-09-19T20:15:47.211914+10:00,HIP 88906,7.48,63.62,trailing limb,Geometric reappearance,False,fair
2026-09-20T00:38:27.319336+10:00,HIP 89678,4.66,17.69,leading limb,Geometric disappearance,False,fair
2026-09-20T21:40:26.176758+10:00,HIP 93736,7.37,56.94,leading limb,Geometric disappearance,False,fair
2026-09-20T21:59:03.442383+10:00,HIP 93736,7.37,53.72,trailing limb,Geometric reappearance,False,fair
2026-09-20T23:02:43.198242+10:00,HIP 93963,7.44,42.38,leading limb,Geometric disappearance,False,fair
2026-09-21T00:08:28.989258+10:00,HIP 93963,7.44,30.57,trailing limb,Geometric reappearance,False,fair
2026-09-21T21:16:34.965820+10:00,HIP 98135,7.57,65.89,leading limb,Geometric disappearance,False,fair
2026-09-21T22:26:21.166992+10:00,HIP 98135,7.57,55.58,trailing limb,Geometric reappearance,False,fair
2026-09-22T00:02:55.063476+10:00,HIP 98575,6.01,38.62,leading limb,Geometric disappearance,False,fair
2026-09-22T01:05:34.819336+10:00,HIP 98575,6.01,27.31,trailing limb,Geometric reappearance,False,fair
2026-09-22T01:21:36.518555+10:00,HIP 98785,6.44,24.45,leading limb,Geometric disappearance,False,fair
2026-09-22T01:55:08.569336+10:00,HIP 98851,7.51,18.52,leading limb,Geometric disappearance,False,fair
2026-09-22T02:04:35.346680+10:00,HIP 98785,6.44,16.87,trailing limb,Geometric reappearance,False,fair
2026-09-22T02:42:57.319336+10:00,HIP 98851,7.51,10.3,trailing limb,Geometric reappearance,False,fair
2026-09-22T20:39:42.729492+10:00,HIP 102528,7.63,66.53,leading limb,Geometric disappearance,False,fair
2026-09-22T21:48:41.088867+10:00,HIP 102660,6.81,63.97,leading limb,Geometric disappearance,False,fair
2026-09-22T22:03:53.041992+10:00,HIP 102528,7.63,62.42,trailing limb,Geometric reappearance,False,fair
2026-09-22T23:07:46.684570+10:00,HIP 102660,6.81,53.64,trailing limb,Geometric reappearance,False,fair
2026-09-23T23:52:37.749023+10:00,HIP 106922,7.25,49.91,leading limb,Geometric disappearance,False,fair
2026-09-24T00:57:52.426758+10:00,HIP 106922,7.25,39.34,trailing limb,Geometric reappearance,False,fair
2026-09-25T23:31:27.963867+10:00,HIP 114700,7.14,49.36,leading limb,Geometric disappearance,False,fair
2026-09-26T00:16:02.944336+10:00,HIP 114700,7.14,46.86,trailing limb,Geometric reappearance,False,fair
2026-09-26T02:15:31.743164+10:00,HIP 114914,7.6,32.11,leading limb,Geometric disappearance,False,fair
2026-09-26T02:35:30.629883+10:00,HIP 115012,7.88,28.93,leading limb,Geometric disappearance,False,fair
2026-09-26T02:49:38.071289+10:00,HIP 114914,7.6,26.61,trailing limb,Geometric reappearance,False,fair
2026-09-26T03:32:27.963867+10:00,HIP 115012,7.88,19.31,trailing limb,Geometric reappearance,False,fair
2026-09-26T19:25:05.932617+10:00,HIP 117866,7.71,15.6,trailing limb,Geometric reappearance,False,fair
2026-09-26T20:15:59.838867+10:00,HIP 118104,7.64,23.74,leading limb,Geometric disappearance,False,fair
2026-09-26T21:23:09.653320+10:00,HIP 118104,7.64,33.16,trailing limb,Geometric reappearance,False,fair
2026-09-28T22:55:44.516601+10:00,HIP 7975,7.58,21.82,leading limb,Geometric disappearance,False,fair
2026-09-28T23:17:51.665039+10:00,HIP 7975,7.58,24.09,trailing limb,Geometric reappearance,False,fair
2026-09-29T02:40:03.940430+10:00,HIP 8387,5.86,28.18,leading limb,Geometric disappearance,False,fair
2026-09-29T02:49:27.084961+10:00,HIP 8399,7.35,27.57,leading limb,Geometric disappearance,False,fair
2026-09-29T03:55:33.354492+10:00,HIP 8387,5.86,21.59,trailing limb,Geometric reappearance,False,fair
2026-09-29T04:04:55.092773+10:00,HIP 8399,7.35,20.53,trailing limb,Geometric reappearance,False,fair
2026-10-02T03:19:22.397461+10:00,HIP 22400,7.17,17.51,leading limb,Geometric disappearance,False,fair
2026-10-02T04:13:43.959961+10:00,HIP 22527,7.53,18.78,leading limb,Geometric disappearance,False,fair
2026-10-02T04:36:30.717773+10:00,HIP 22578,7.66,18.71,leading limb,Geometric disappearance,False,fair
2026-10-02T04:38:37.075195+10:00,HIP 22400,7.17,18.68,trailing limb,Geometric reappearance,False,fair
2026-10-03T04:34:24.653320+10:00,HIP 28117,6.35,17.54,leading limb,Geometric disappearance,False,fair
2026-10-13T20:50:10.883789+11:00,HIP 74219,7.96,15.99,leading limb,Geometric disappearance,False,fair
2026-10-16T22:38:34.028320+11:00,HIP 87589,6.88,26.5,leading limb,Geometric disappearance,False,fair
2026-10-16T23:38:53.334961+11:00,HIP 87589,6.88,16.27,trailing limb,Geometric reappearance,False,fair
2026-10-22T00:41:55.649414+11:00,HIP 109201,6.87,35.7,leading limb,Geometric disappearance,False,fair
2026-10-22T01:45:16.420898+11:00,HIP 109201,6.87,24.55,trailing limb,Geometric reappearance,False,fair
2026-10-23T00:34:38.510742+11:00,HIP 113056,7.64,39.26,leading limb,Geometric disappearance,False,fair
2026-10-23T01:39:04.028320+11:00,HIP 113056,7.64,29.05,trailing limb,Geometric reappearance,False,fair
2026-10-24T01:22:55.356445+11:00,HIP 116928,4.49,33.4,leading limb,Geometric disappearance,False,fair
2026-10-24T02:23:49.526367+11:00,HIP 116928,4.49,24.17,trailing limb,Geometric reappearance,False,fair
2026-10-24T03:02:47.446289+11:00,HIP 117156,7.64,17.67,leading limb,Geometric disappearance,False,fair
2026-10-27T01:07:06.635742+11:00,HIP 10732,5.58,27.44,leading limb,Geometric disappearance,False,fair
2026-10-27T01:28:12.700195+11:00,HIP 10810,6.82,27.26,leading limb,Geometric disappearance,False,fair
2026-10-27T02:15:36.049805+11:00,HIP 10732,5.58,25.57,trailing limb,Geometric reappearance,False,fair
2026-10-27T02:24:50.932617+11:00,HIP 10810,6.82,25.04,trailing limb,Geometric reappearance,False,fair
2026-10-28T01:07:13.725586+11:00,HIP 15380,7.25,21.46,leading limb,Geometric disappearance,False,fair
2026-10-28T01:35:56.528320+11:00,HIP 15380,7.25,22.39,trailing limb,Geometric reappearance,False,fair
2026-10-28T02:10:31.948242+11:00,HIP 15560,7.31,22.7,leading limb,Geometric disappearance,False,fair
2026-10-28T03:27:38.657226+11:00,HIP 15560,7.31,20.24,trailing limb,Geometric reappearance,False,fair
2026-10-28T04:17:36.840820+11:00,HIP 15861,5.5,16.52,leading limb,Geometric disappearance,False,fair
2026-10-29T00:26:04.965820+11:00,HIP 20324,7.21,10.83,leading limb,Geometric disappearance,False,fair
2026-10-29T01:10:50.727539+11:00,HIP 20250,4.97,14.85,trailing limb,Geometric reappearance,False,fair
2026-10-29T01:37:16.157226+11:00,HIP 20324,7.21,16.7,trailing limb,Geometric reappearance,False,fair
2026-10-29T04:08:03.940430+11:00,HIP 20864,7.8,18.38,leading limb,Geometric disappearance,False,fair
2026-10-29T05:20:11.557617+11:00,HIP 20864,7.8,13.8,trailing limb,Geometric reappearance,False,fair
2026-11-01T03:24:47.124023+11:00,HIP 37434,7.24,11.58,trailing limb,Geometric reappearance,False,fair
2026-11-03T10:31:51.020508+11:00,Jupiter,,24.52,leading limb,Geometric disappearance,True,good
2026-11-03T11:41:33.852539+11:00,Jupiter,,15.86,trailing limb,Geometric reappearance,True,good
2026-11-04T05:02:24.038086+11:00,HIP 51213,6.01,16.41,trailing limb,Geometric reappearance,False,fair
2026-11-06T05:18:04.936523+11:00,HIP 58791,7.86,13.01,trailing limb,Geometric reappearance,False,fair
2026-11-13T21:38:19.291992+11:00,HIP 90478,6.31,23.21,leading limb,Geometric disappearance,False,fair
2026-11-13T22:14:41.850586+11:00,HIP 90576,6.68,17.02,leading limb,Geometric disappearance,False,fair
2026-11-13T22:20:20.288086+11:00,HIP 90478,6.31,16.08,trailing limb,Geometric reappearance,False,fair
2026-11-13T22:49:59.926758+11:00,HIP 90576,6.68,11.22,trailing limb,Geometric reappearance,False,fair
2026-11-16T23:06:41.440430+11:00,HIP 103703,6.07,27.05,leading limb,Geometric disappearance,False,fair
2026-11-16T23:45:48.149414+11:00,HIP 103703,6.07,19.97,trailing limb,Geometric reappearance,False,fair
2026-11-16T23:56:24.741211+11:00,HIP 103825,7.85,18.06,leading limb,Geometric disappearance,False,fair
2026-11-17T00:39:03.237305+11:00,HIP 103825,7.85,10.47,trailing limb,Geometric reappearance,False,fair
2026-11-17T21:52:35.932617+11:00,HIP 107412,6.69,44.3,leading limb,Geometric disappearance,False,fair
2026-11-17T22:35:15.483398+11:00,HIP 107491,7.54,37.16,leading limb,Geometric disappearance,False,fair
2026-11-17T23:01:59.575195+11:00,HIP 107412,6.69,32.48,trailing limb,Geometric reappearance,False,fair
2026-11-17T23:39:12.348633+11:00,HIP 107491,7.54,25.82,trailing limb,Geometric reappearance,False,fair
2026-11-19T21:29:11.499023+11:00,HIP 114914,7.6,47.18,leading limb,Geometric disappearance,False,fair
2026-11-19T22:05:54.916992+11:00,HIP 115012,7.88,44.12,leading limb,Geometric disappearance,False,fair
2026-11-19T22:44:46.889648+11:00,HIP 114914,7.6,39.67,trailing limb,Geometric reappearance,False,fair
2026-11-19T23:19:31.772461+11:00,HIP 115012,7.88,34.91,trailing limb,Geometric reappearance,False,fair
2026-11-22T22:43:51.196289+11:00,HIP 8387,5.86,30.25,leading limb,Geometric disappearance,False,fair
2026-11-22T22:53:54.272461+11:00,HIP 8399,7.35,30.27,leading limb,Geometric disappearance,False,fair
2026-11-23T00:00:05.170898+11:00,HIP 8387,5.86,28.27,trailing limb,Geometric reappearance,False,fair
2026-11-23T00:09:10.034180+11:00,HIP 8399,7.35,27.72,trailing limb,Geometric reappearance,False,fair
2026-11-23T22:07:33.735351+11:00,HIP 12819,7.78,21.28,leading limb,Geometric disappearance,False,fair
2026-11-23T22:14:14.780273+11:00,HIP 12819,7.78,21.74,trailing limb,Geometric reappearance,False,fair
2026-11-26T04:39:49.819336+11:00,HIP 23933,6.96,10.18,leading limb,Geometric disappearance,False,fair
2026-11-28T01:10:22.778320+11:00,HIP 35273,7.28,10.32,leading limb,Geometric disappearance,False,fair
2026-11-28T01:28:48.032226+11:00,HIP 35333,7.61,12.31,leading limb,Geometric disappearance,False,fair
2026-11-28T02:11:11.528320+11:00,HIP 35273,7.28,16.25,trailing limb,Geometric reappearance,False,fair
2026-11-28T02:13:33.735351+11:00,HIP 35435,7.98,16.44,leading limb,Geometric disappearance,False,fair
2026-11-28T02:31:27.231445+11:00,HIP 35333,7.61,17.77,trailing limb,Geometric reappearance,False,fair
2026-11-28T03:08:03.208008+11:00,HIP 35435,7.98,19.87,trailing limb,Geometric reappearance,False,fair
2026-11-28T03:21:57.524414+11:00,HIP 35664,7.53,20.44,leading limb,Geometric disappearance,False,fair
2026-11-28T04:22:44.487305+11:00,HIP 35664,7.53,21.3,trailing limb,Geometric reappearance,False,fair
2026-11-30T02:57:29.838867+11:00,HIP 45827,7.77,17.1,leading limb,Geometric disappearance,False,fair
2026-11-30T04:09:06.958008+11:00,HIP 45827,7.77,25.13,trailing limb,Geometric reappearance,False,fair
2026-12-05T03:51:47.827148+11:00,HIP 65239,6.88,10.26,trailing limb,Geometric reappearance,False,fair
2026-12-14T21:39:05.229492+11:00,HIP 106199,6.63,26.26,leading limb,Geometric disappearance,False,fair
2026-12-14T22:12:33.881836+11:00,HIP 106199,6.63,20.19,trailing limb,Geometric reappearance,False,fair
2026-12-14T22:12:48.032226+11:00,HIP 106115,6.86,20.15,trailing limb,Geometric reappearance,False,fair
2026-12-15T22:33:36.225586+11:00,HIP 110009,5.8,20.47,leading limb,Geometric disappearance,False,fair
2026-12-15T22:38:44.458008+11:00,HIP 110009,5.8,19.55,trailing limb,Geometric reappearance,False,fair
2026-12-20T21:27:03.120117+11:00,HIP 10390,6.88,27.44,trailing limb,Geometric reappearance,False,fair
2026-12-20T22:43:06.694336+11:00,HIP 10732,5.58,25.23,leading limb,Geometric disappearance,False,fair
2026-12-20T23:50:25.122070+11:00,HIP 10732,5.58,19.8,trailing limb,Geometric reappearance,False,fair
2026-12-22T00:11:31.362305+11:00,HIP 15560,7.31,18.81,leading limb,Geometric disappearance,False,fair
2026-12-22T01:19:48.999023+11:00,HIP 15560,7.31,12.45,trailing limb,Geometric reappearance,False,fair
2026-12-22T21:28:45.981445+11:00,HIP 20250,4.97,14.67,leading limb,Geometric disappearance,False,fair
2026-12-22T21:53:41.967773+11:00,HIP 20324,7.21,16.47,leading limb,Geometric disappearance,False,fair
2026-12-22T22:41:34.526367+11:00,HIP 20250,4.97,18.86,trailing limb,Geometric reappearance,False,fair
2026-12-22T23:07:54.243164+11:00,HIP 20324,7.21,19.52,trailing limb,Geometric reappearance,False,fair
2026-12-23T01:37:10.268555+11:00,HIP 20864,7.8,14.29,leading limb,Geometric disappearance,False,fair
2026-12-23T02:13:43.491211+11:00,HIP 20933,6.53,10.93,leading limb,Geometric disappearance,False,fair
2026-12-25T02:40:56.030273+11:00,HIP 32689,6.66,19.02,leading limb,Geometric disappearance,False,fair
2026-12-25T03:52:26.791992+11:00,HIP 32689,6.66,14.82,trailing limb,Geometric reappearance,False,fair
2026-12-26T00:09:42.729492+11:00,HIP 38287,7.07,13.8,leading limb,Geometric disappearance,False,fair
2026-12-26T00:25:31.772461+11:00,HIP 38172,7.09,15.44,trailing limb,Geometric reappearance,False,fair
2026-12-26T00:43:10.737305+11:00,HIP 38201,7.79,17.11,trailing limb,Geometric reappearance,False,fair
2026-12-26T01:15:59.282226+11:00,HIP 38287,7.07,19.76,trailing limb,Geometric reappearance,False,fair
2026-12-26T03:06:49.555664+11:00,HIP 38755,7.32,23.33,leading limb,Geometric disappearance,False,fair
2026-12-26T03:17:22.895508+11:00,HIP 38761,6.81,23.2,leading limb,Geometric disappearance,False,fair
2026-12-26T04:12:09.946289+11:00,HIP 38755,7.32,21.22,trailing limb,Geometric reappearance,False,fair
2026-12-26T04:12:49.262695+11:00,HIP 38761,6.81,21.19,trailing limb,Geometric reappearance,False,fair
2026-12-27T00:40:51.752930+11:00,HIP 43642,7.62,14.62,leading limb,Geometric disappearance,False,fair
2026-12-27T01:40:39.770508+11:00,HIP 43642,7.62,21.44,trailing limb,Geometric reappearance,False,fair
2026-12-29T04:20:22.456055+11:00,HIP 52763,7.13,38.14,leading limb,Geometric disappearance,False,fair
2026-12-29T04:55:14.809570+11:00,HIP 52763,7.13,40.19,trailing limb,Geometric reappearance,False,fair
