date,start_local,end_local,duration_minutes,max_altitude_deg,quality
2026-01-15,2026-01-16T04:35:09.220511+10:00,2026-01-16T04:39:03.306967+10:00,3.9,21.16,useful
2026-01-16,2026-01-17T04:34:58.968787+10:00,2026-01-17T04:39:55.017807+10:00,4.9,21.93,useful
2026-01-17,2026-01-18T04:24:47.069128+10:00,2026-01-18T04:40:47.037940+10:00,16.0,22.7,useful
2026-01-18,2026-01-19T04:24:33.530991+10:00,2026-01-19T04:41:39.323382+10:00,17.1,23.46,useful
2026-01-19,2026-01-20T04:14:18.365161+10:00,2026-01-20T04:42:31.830932+10:00,28.2,24.23,useful
2026-01-20,2026-01-21T04:14:01.583702+10:00,2026-01-21T04:43:24.518252+10:00,29.4,24.98,useful
2026-01-21,2026-01-22T04:13:43.199914+10:00,2026-01-22T04:44:17.343935+10:00,30.6,27.82,excellent
2026-01-22,2026-01-23T04:03:23.228284+10:00,2026-01-23T04:45:10.267575+10:00,41.8,28.57,excellent
2026-01-23,2026-01-24T04:03:01.684439+10:00,2026-01-24T04:46:03.249829+10:00,43.0,29.32,excellent
2026-01-24,2026-01-25T03:58:00+10:00,2026-01-25T04:46:56.252473+10:00,48.9,29.09,excellent
2026-01-25,2026-01-26T03:52:00+10:00,2026-01-26T04:47:49.238458+10:00,55.8,30.75,excellent
2026-01-26,2026-01-27T03:50:00+10:00,2026-01-27T04:48:42.171958+10:00,58.7,31.16,excellent
2026-01-27,2026-01-28T03:44:00+10:00,2026-01-28T04:49:35.018413+10:00,65.6,32.83,excellent
2026-01-28,2026-01-29T03:47:00+10:00,2026-01-29T04:50:27.744570+10:00,63.5,34.3,excellent
2026-01-29,2026-01-30T03:37:00+10:00,2026-01-30T04:51:20.318512+10:00,74.3,35.13,excellent
2026-01-30,2026-01-31T03:35:00+10:00,2026-01-31T04:52:12.709695+10:00,77.2,35.54,excellent
2026-02-14,2026-02-15T02:39:12.988950+10:00,2026-02-15T05:04:40.228512+10:00,145.5,51.25,excellent
2026-02-15,2026-02-16T02:28:21.543234+10:00,2026-02-16T05:05:26.702585+10:00,157.1,51.92,excellent
2026-02-16,2026-02-17T02:27:29.127226+10:00,2026-02-17T05:06:12.691307+10:00,158.7,52.58,excellent
2026-02-17,2026-02-18T02:26:35.771233+10:00,2026-02-18T05:06:58.188997+10:00,160.4,55.42,excellent
2026-02-18,2026-02-19T02:25:41.505704+10:00,2026-02-19T05:07:43.191159+10:00,162.0,56.08,excellent
2026-02-19,2026-02-20T02:14:46.361197+10:00,2026-02-20T05:08:27.694446+10:00,173.7,56.73,excellent
2026-02-20,2026-02-21T02:13:50.368361+10:00,2026-02-21T05:09:11.696623+10:00,175.4,57.38,excellent
2026-02-21,2026-02-22T02:12:53.557908+10:00,2026-02-22T05:09:55.196528+10:00,177.0,58.04,excellent
2026-02-22,2026-02-23T02:10:00+10:00,2026-02-23T05:10:38.194034+10:00,180.6,60.44,excellent
2026-02-23,2026-02-24T02:03:00+10:00,2026-02-24T05:11:20.690007+10:00,188.3,59.77,excellent
2026-02-24,2026-02-25T02:02:00+10:00,2026-02-25T05:12:02.686268+10:00,190.0,62.6,excellent
2026-02-25,2026-02-26T01:49:00+10:00,2026-02-26T05:12:44.185554+10:00,203.7,62.8,excellent
2026-02-26,2026-02-27T01:52:00+10:00,2026-02-27T05:13:25.191472+10:00,201.4,64.32,excellent
2026-02-27,2026-02-28T01:50:00+10:00,2026-02-28T05:14:05.708461+10:00,204.1,64.74,excellent
2026-02-28,2026-03-01T02:57:00+10:00,2026-03-01T05:14:45.741753+10:00,137.8,64.95,excellent
2026-03-01,2026-03-02T04:03:00+10:00,2026-03-02T05:15:25.297329+10:00,72.4,67.12,excellent
2026-03-14,2026-03-15T00:50:45.782945+10:00,2026-03-15T01:41:00+10:00,50.2,32.33,excellent
2026-03-15,2026-03-16T00:39:38.667279+10:00,2026-03-16T02:40:00+10:00,120.4,45.73,excellent
2026-03-16,2026-03-17T00:38:31.421446+10:00,2026-03-17T05:24:27.210266+10:00,285.9,81.25,excellent
2026-03-17,2026-03-18T00:37:24.073553+10:00,2026-03-18T05:25:00.397149+10:00,287.6,81.86,excellent
2026-03-18,2026-03-19T00:26:16.651524+10:00,2026-03-19T05:25:33.285738+10:00,299.3,82.47,excellent
2026-03-19,2026-03-20T00:25:09.183105+10:00,2026-03-20T05:26:05.889192+10:00,300.9,85.21,excellent
2026-03-20,2026-03-21T00:24:01.695862+10:00,2026-03-21T05:26:38.220768+10:00,302.6,85.8,excellent
2026-03-21,2026-03-22T00:22:54.217181+10:00,2026-03-22T05:27:10.293791+10:00,304.3,86.37,excellent
2026-03-22,2026-03-23T00:11:46.774277+10:00,2026-03-23T05:27:42.121634+10:00,315.9,86.93,excellent
2026-03-23,2026-03-24T00:10:39.394187+10:00,2026-03-24T05:28:13.717690+10:00,317.6,87.46,excellent
2026-03-24,2026-03-25T00:03:00+10:00,2026-03-25T05:28:45.095346+10:00,325.8,88.39,excellent
2026-03-25,2026-03-26T00:05:00+10:00,2026-03-26T05:29:16.267964+10:00,324.3,88.43,excellent
2026-03-26,2026-03-27T00:02:00+10:00,2026-03-27T05:29:47.248854+10:00,327.8,88.34,excellent
2026-03-27,2026-03-28T00:48:00+10:00,2026-03-28T05:30:18.051251+10:00,282.3,88.35,excellent
2026-03-28,2026-03-29T01:53:00+10:00,2026-03-29T05:30:48.688299+10:00,217.8,88.45,excellent
2026-03-29,2026-03-30T02:56:00+10:00,2026-03-30T05:31:19.173020+10:00,155.3,88.55,excellent
2026-03-30,2026-03-31T03:55:00+10:00,2026-03-31T05:31:49.518300+10:00,96.8,88.46,excellent
2026-04-10,2026-04-10T23:01:07.137954+10:00,2026-04-10T23:27:00+10:00,25.9,25.31,excellent
2026-04-11,2026-04-11T23:00:05.873453+10:00,2026-04-12T00:26:00+10:00,85.9,38.57,excellent
2026-04-12,2026-04-12T22:49:05.179017+10:00,2026-04-13T01:25:00+10:00,155.9,52.11,excellent
2026-04-13,2026-04-13T22:48:05.078348+10:00,2026-04-14T02:24:00+10:00,215.9,65.83,excellent
2026-04-14,2026-04-14T22:47:05.594966+10:00,2026-04-15T05:39:16.061043+10:00,412.2,88.36,excellent
2026-04-15,2026-04-15T22:36:06.752206+10:00,2026-04-16T05:39:45.734400+10:00,423.6,88.35,excellent
2026-04-16,2026-04-16T22:35:08.573206+10:00,2026-04-17T05:40:15.446198+10:00,425.1,88.55,excellent
2026-04-17,2026-04-17T22:34:11.080898+10:00,2026-04-18T05:40:45.203318+10:00,426.6,88.46,excellent
2026-04-18,2026-04-18T22:33:14.298003+10:00,2026-04-19T05:41:15.012114+10:00,428.0,88.23,excellent
2026-04-19,2026-04-19T22:22:18.247014+10:00,2026-04-20T05:41:44.878391+10:00,439.4,88.51,excellent
2026-04-20,2026-04-20T22:21:22.950186+10:00,2026-04-21T05:42:14.807386+10:00,440.9,88.52,excellent
2026-04-21,2026-04-21T22:20:28.429527+10:00,2026-04-22T05:42:44.803745+10:00,442.3,88.26,excellent
2026-04-22,2026-04-22T22:13:00+10:00,2026-04-23T05:43:14.871507+10:00,450.2,88.54,excellent
2026-04-23,2026-04-23T22:41:00+10:00,2026-04-24T05:43:45.014081+10:00,422.8,88.43,excellent
2026-04-24,2026-04-24T23:47:00+10:00,2026-04-25T05:44:15.234228+10:00,357.3,88.43,excellent
2026-04-25,2026-04-26T00:50:00+10:00,2026-04-26T05:44:45.534039+10:00,294.8,88.55,excellent
2026-04-26,2026-04-27T01:49:00+10:00,2026-04-27T05:45:15.914921+10:00,236.3,88.45,excellent
2026-04-27,2026-04-28T02:46:00+10:00,2026-04-28T05:45:46.377575+10:00,179.8,88.36,excellent
2026-04-28,2026-04-29T03:42:00+10:00,2026-04-29T05:46:16.921978+10:00,124.3,82.48,excellent
2026-04-29,2026-04-30T04:37:00+10:00,2026-04-30T05:46:47.547369+10:00,69.8,69.58,excellent
2026-05-07,2026-05-07T21:17:58.403516+10:00,2026-05-07T21:18:00+10:00,0.0,21.8,useful
2026-05-08,2026-05-08T21:07:20.124055+10:00,2026-05-08T22:15:00+10:00,67.7,32.92,excellent
2026-05-09,2026-05-09T21:06:42.954819+10:00,2026-05-09T23:13:00+10:00,126.3,46.44,excellent
2026-05-10,2026-05-10T21:06:06.909627+10:00,2026-05-11T00:10:00+10:00,183.9,60.19,excellent
2026-05-11,2026-05-11T20:55:32.001648+10:00,2026-05-12T01:08:00+10:00,252.5,74.06,excellent
2026-05-12,2026-05-12T20:54:58.243379+10:00,2026-05-13T02:07:00+10:00,312.0,87.62,excellent
2026-05-13,2026-05-13T20:54:25.646618+10:00,2026-05-14T03:09:00+10:00,374.6,88.2,excellent
2026-05-14,2026-05-14T20:43:54.222442+10:00,2026-05-15T05:54:33.702505+10:00,550.7,88.5,excellent
2026-05-15,2026-05-15T20:43:23.981185+10:00,2026-05-16T05:55:04.865349+10:00,551.7,88.51,excellent
2026-05-16,2026-05-16T20:42:54.932414+10:00,2026-05-17T05:55:35.971514+10:00,552.7,88.19,excellent
2026-05-17,2026-05-17T20:32:27.084910+10:00,2026-05-18T05:56:07.005287+10:00,563.7,88.52,excellent
2026-05-18,2026-05-18T20:32:00.446642+10:00,2026-05-19T05:56:37.950132+10:00,564.6,88.48,excellent
2026-05-19,2026-05-19T20:31:35.024749+10:00,2026-05-20T05:57:08.788707+10:00,565.6,88.25,excellent
2026-05-20,2026-05-20T20:21:10.825518+10:00,2026-05-21T05:57:39.502876+10:00,576.5,88.54,excellent
2026-05-21,2026-05-21T21:36:00+10:00,2026-05-22T05:58:10.073729+10:00,502.2,88.48,excellent
2026-05-22,2026-05-22T22:42:00+10:00,2026-05-23T05:58:40.481602+10:00,436.7,88.47,excellent
2026-05-23,2026-05-23T23:44:00+10:00,2026-05-24T05:59:10.706103+10:00,375.2,88.34,excellent
2026-05-24,2026-05-25T00:42:00+10:00,2026-05-25T05:59:40.726131+10:00,317.7,88.26,excellent
2026-05-25,2026-05-26T01:38:00+10:00,2026-05-26T06:00:10.519907+10:00,262.2,86.27,excellent
2026-05-26,2026-05-27T02:32:00+10:00,2026-05-27T06:00:40.065003+10:00,208.7,73.72,excellent
2026-05-27,2026-05-28T03:27:00+10:00,2026-05-28T06:01:09.338370+10:00,154.2,60.81,excellent
2026-05-28,2026-05-29T04:22:00+10:00,2026-05-29T06:01:38.316377+10:00,99.6,48.0,excellent
2026-06-05,2026-06-05T19:17:31.493459+10:00,2026-06-05T21:06:00+10:00,108.5,41.48,excellent
2026-06-06,2026-06-06T19:17:28.140383+10:00,2026-06-06T22:02:00+10:00,164.5,55.28,excellent
2026-06-07,2026-06-07T19:07:25.961264+10:00,2026-06-07T22:59:00+10:00,231.6,69.25,excellent
2026-06-08,2026-06-08T19:07:24.943986+10:00,2026-06-08T23:55:00+10:00,287.6,81.06,excellent
2026-06-09,2026-06-09T19:07:25.075463+10:00,2026-06-10T00:54:00+10:00,346.6,88.31,excellent
2026-06-10,2026-06-10T18:57:26.341653+10:00,2026-06-11T01:55:00+10:00,417.6,88.48,excellent
2026-06-11,2026-06-11T18:57:28.727572+10:00,2026-06-12T03:00:00+10:00,482.5,88.49,excellent
2026-06-12,2026-06-12T18:57:32.217314+10:00,2026-06-13T05:37:32.217314+10:00,640.0,88.29,excellent
2026-06-13,2026-06-13T18:47:36.794069+10:00,2026-06-14T05:37:36.794069+10:00,650.0,88.55,excellent
2026-06-14,2026-06-14T18:47:42.440150+10:00,2026-06-15T05:37:42.440150+10:00,650.0,88.31,excellent
2026-06-15,2026-06-15T18:37:49.137014+10:00,2026-06-16T05:27:49.137014+10:00,650.0,88.48,excellent
2026-06-16,2026-06-16T18:37:56.865293+10:00,2026-06-17T05:27:56.865293+10:00,650.0,88.49,excellent
2026-06-17,2026-06-17T18:28:05.604818+10:00,2026-06-18T05:18:05.604818+10:00,650.0,88.32,excellent
2026-06-18,2026-06-18T18:28:15.334656+10:00,2026-06-19T05:18:15.334656+10:00,650.0,88.55,excellent
2026-06-19,2026-06-19T18:28:26.033139+10:00,2026-06-20T05:08:26.033139+10:00,640.0,88.27,excellent
2026-06-20,2026-06-20T22:33:00+10:00,2026-06-21T05:13:00+10:00,400.0,88.43,excellent
2026-06-21,2026-06-21T23:31:00+10:00,2026-06-22T05:01:00+10:00,330.0,88.22,excellent
2026-06-22,2026-06-23T00:27:00+10:00,2026-06-23T04:57:00+10:00,270.0,77.85,excellent
2026-06-23,2026-06-24T01:22:00+10:00,2026-06-24T05:02:00+10:00,220.0,64.93,excellent
2026-06-24,2026-06-25T02:17:00+10:00,2026-06-25T04:57:00+10:00,160.0,52.08,excellent
2026-06-25,2026-06-26T03:13:00+10:00,2026-06-26T04:53:00+10:00,100.0,39.17,excellent
2026-06-26,2026-06-27T04:09:00+10:00,2026-06-27T04:49:00+10:00,40.0,26.52,excellent
2026-07-02,2026-07-02T17:32:02.308061+10:00,2026-07-02T19:01:00+10:00,89.0,37.36,excellent
2026-07-03,2026-07-03T17:32:23.976716+10:00,2026-07-03T19:57:00+10:00,144.6,51.18,excellent
2026-07-04,2026-07-04T17:32:46.228952+10:00,2026-07-04T20:53:00+10:00,200.2,65.19,excellent
2026-07-06,2026-07-06T17:33:32.373963+10:00,2026-07-06T22:46:00+10:00,312.5,88.33,excellent
2026-07-07,2026-07-07T17:33:56.211795+10:00,2026-07-07T23:44:00+10:00,370.1,88.55,excellent
2026-07-08,2026-07-08T17:34:20.523425+10:00,2026-07-09T00:46:00+10:00,431.7,88.19,excellent
2026-07-09,2026-07-09T17:34:45.281767+10:00,2026-07-10T01:51:00+10:00,496.2,88.54,excellent
2026-07-10,2026-07-10T17:35:10.459976+10:00,2026-07-11T03:01:00+10:00,565.8,88.35,excellent
2026-07-11,2026-07-11T17:35:36.031496+10:00,2026-07-12T03:45:36.031496+10:00,610.0,88.48,excellent
2026-07-12,2026-07-12T17:36:01.970104+10:00,2026-07-13T03:46:01.970104+10:00,610.0,88.46,excellent
2026-07-13,2026-07-13T17:36:28.249957+10:00,2026-07-14T03:36:28.249957+10:00,600.0,88.38,excellent
2026-07-14,2026-07-14T17:36:54.845632+10:00,2026-07-15T03:36:54.845632+10:00,600.0,88.53,excellent
2026-07-15,2026-07-15T17:37:21.732169+10:00,2026-07-16T03:27:21.732169+10:00,590.0,88.24,excellent
2026-07-16,2026-07-16T17:37:48.885114+10:00,2026-07-17T03:27:48.885114+10:00,590.0,88.55,excellent
2026-07-17,2026-07-17T17:38:16.280550+10:00,2026-07-18T03:18:16.280550+10:00,580.0,88.28,excellent
2026-07-18,2026-07-18T17:38:43.895141+10:00,2026-07-19T03:18:43.895141+10:00,580.0,88.52,excellent
2026-07-19,2026-07-19T17:39:11.706159+10:00,2026-07-19T22:17:00+10:00,277.8,88.41,excellent
2026-07-20,2026-07-20T23:14:00+10:00,2026-07-21T03:14:00+10:00,240.0,69.71,excellent
2026-07-21,2026-07-22T00:10:00+10:00,2026-07-22T03:10:00+10:00,180.0,56.61,excellent
2026-07-22,2026-07-23T01:06:00+10:00,2026-07-23T03:06:00+10:00,120.0,43.64,excellent
2026-07-23,2026-07-24T02:03:00+10:00,2026-07-24T03:03:00+10:00,60.0,30.68,excellent
2026-07-31,2026-07-31T17:44:53.446029+10:00,2026-07-31T18:48:00+10:00,63.1,60.44,excellent
2026-08-01,2026-08-01T17:45:22.070083+10:00,2026-08-01T19:45:00+10:00,119.6,72.36,excellent
2026-08-02,2026-08-02T17:45:50.650721+10:00,2026-08-02T20:41:00+10:00,175.2,86.33,excellent
2026-08-03,2026-08-03T17:46:19.177034+10:00,2026-08-03T21:39:00+10:00,232.7,88.54,excellent
2026-08-06,2026-08-06T17:47:44.333915+10:00,2026-08-07T00:47:00+10:00,419.3,88.46,excellent
2026-08-07,2026-08-07T17:48:12.551113+10:00,2026-08-08T01:56:00+10:00,487.8,88.38,excellent
2026-08-08,2026-08-08T17:48:40.672353+10:00,2026-08-09T01:58:40.672353+10:00,490.0,88.53,excellent
2026-08-09,2026-08-09T17:49:08.691850+10:00,2026-08-10T01:49:08.691850+10:00,480.0,88.25,excellent
2026-08-10,2026-08-10T17:49:36.604648+10:00,2026-08-11T01:49:36.604648+10:00,480.0,88.55,excellent
2026-08-11,2026-08-11T17:50:04.406605+10:00,2026-08-12T01:40:04.406605+10:00,470.0,88.27,excellent
2026-08-12,2026-08-12T17:50:32.094381+10:00,2026-08-13T01:40:32.094381+10:00,470.0,88.53,excellent
2026-08-13,2026-08-13T17:50:59.665425+10:00,2026-08-14T01:40:59.665425+10:00,470.0,88.4,excellent
2026-08-14,2026-08-14T17:51:27.117964+10:00,2026-08-15T01:31:27.117964+10:00,460.0,88.45,excellent
2026-08-15,2026-08-15T17:51:54.450978+10:00,2026-08-16T01:31:54.450978+10:00,460.0,88.49,excellent
2026-08-16,2026-08-16T17:52:21.664192+10:00,2026-08-17T01:22:21.664192+10:00,450.0,88.33,excellent
2026-08-17,2026-08-17T17:52:48.758054+10:00,2026-08-18T01:22:48.758054+10:00,450.0,88.55,excellent
2026-08-18,2026-08-18T22:56:00+10:00,2026-08-19T01:16:00+10:00,140.0,48.77,excellent
2026-08-19,2026-08-19T17:53:42.593028+10:00,2026-08-19T23:53:00+10:00,359.3,88.55,excellent
2026-08-20,2026-08-21T00:50:00+10:00,2026-08-21T01:10:00+10:00,20.0,22.95,useful
2026-08-30,2026-08-30T17:58:31.521998+10:00,2026-08-30T19:32:00+10:00,93.5,88.45,excellent
2026-08-31,2026-08-31T17:58:57.352058+10:00,2026-08-31T20:32:00+10:00,153.0,88.5,excellent
2026-09-01,2026-09-01T17:59:23.143262+10:00,2026-09-01T21:35:00+10:00,215.6,88.33,excellent
2026-09-02,2026-09-02T17:59:48.904986+10:00,2026-09-02T22:40:00+10:00,280.2,88.55,excellent
2026-09-04,2026-09-04T18:00:40.379448+10:00,2026-09-05T00:10:40.379448+10:00,370.0,88.54,excellent
2026-09-05,2026-09-05T18:01:06.112819+10:00,2026-09-06T00:11:06.112819+10:00,370.0,88.34,excellent
2026-09-06,2026-09-06T18:01:31.857942+10:00,2026-09-07T00:01:31.857942+10:00,360.0,88.49,excellent
2026-09-07,2026-09-07T18:01:57.625960+10:00,2026-09-08T00:01:57.625960+10:00,360.0,88.46,excellent
2026-09-08,2026-09-08T18:02:23.428315+10:00,2026-09-08T23:52:23.428315+10:00,350.0,88.38,excellent
2026-09-09,2026-09-09T18:02:49.276729+10:00,2026-09-09T23:52:49.276729+10:00,350.0,88.53,excellent
2026-09-10,2026-09-10T18:03:15.183188+10:00,2026-09-10T23:43:15.183188+10:00,340.0,88.24,excellent
2026-09-11,2026-09-11T18:03:41.159920+10:00,2026-09-11T23:43:41.159920+10:00,340.0,88.55,excellent
2026-09-12,2026-09-12T18:04:07.219387+10:00,2026-09-12T23:34:07.219387+10:00,330.0,88.28,excellent
2026-09-13,2026-09-13T18:04:33.374256+10:00,2026-09-13T23:34:33.374256+10:00,330.0,88.52,excellent
2026-09-14,2026-09-14T18:04:59.637390+10:00,2026-09-14T23:34:59.637390+10:00,330.0,88.41,excellent
2026-09-15,2026-09-15T18:05:26.021830+10:00,2026-09-15T23:25:26.021830+10:00,320.0,87.83,excellent
2026-09-16,2026-09-16T22:39:00+10:00,2026-09-16T23:19:00+10:00,40.0,28.11,excellent
2026-09-18,2026-09-18T18:06:46.035641+10:00,2026-09-18T23:16:46.035641+10:00,310.0,85.26,excellent
2026-09-28,2026-09-28T18:11:26.200507+10:00,2026-09-28T19:24:00+10:00,72.6,75.71,excellent
2026-09-29,2026-09-29T18:11:55.707712+10:00,2026-09-29T20:30:00+10:00,138.1,74.74,excellent
2026-09-30,2026-09-30T18:12:25.540341+10:00,2026-09-30T21:38:00+10:00,205.6,73.76,excellent
2026-10-01,2026-10-01T18:12:55.711633+10:00,2026-10-01T22:22:55.711633+10:00,250.0,72.79,excellent
2026-10-03,2026-10-03T18:13:57.122229+10:00,2026-10-03T22:13:57.122229+10:00,240.0,70.84,excellent
2026-10-04,2026-10-04T18:14:28.386996+10:00,2026-10-04T22:14:28.386996+10:00,240.0,69.87,excellent
2026-10-05,2026-10-05T18:15:00.041290+10:00,2026-10-05T22:05:00.041290+10:00,230.0,68.89,excellent
2026-10-06,2026-10-06T18:15:32.097161+10:00,2026-10-06T22:05:32.097161+10:00,230.0,67.91,excellent
2026-10-07,2026-10-07T18:16:04.566326+10:00,2026-10-07T21:56:04.566326+10:00,220.0,66.93,excellent
2026-10-08,2026-10-08T18:16:37.460141+10:00,2026-10-08T21:56:37.460141+10:00,220.0,65.95,excellent
2026-10-09,2026-10-09T18:17:10.789568+10:00,2026-10-09T21:57:10.789568+10:00,220.0,64.96,excellent
2026-10-10,2026-10-10T18:17:44.565137+10:00,2026-10-10T21:47:44.565137+10:00,210.0,63.98,excellent
2026-10-11,2026-10-11T18:18:18.796911+10:00,2026-10-11T21:48:18.796911+10:00,210.0,63.0,excellent
2026-10-12,2026-10-12T18:18:53.494453+10:00,2026-10-12T21:38:53.494453+10:00,200.0,62.01,excellent
2026-10-13,2026-10-13T18:19:28.666783+10:00,2026-10-13T21:39:28.666783+10:00,200.0,61.02,excellent
2026-10-14,2026-10-14T18:20:04.322346+10:00,2026-10-14T21:30:04.322346+10:00,190.0,60.03,excellent
2026-10-15,2026-10-15T18:20:40.468967+10:00,2026-10-15T21:30:40.468967+10:00,190.0,59.04,excellent
2026-10-17,2026-10-17T18:21:54.263366+10:00,2026-10-17T21:21:54.263366+10:00,180.0,57.06,excellent
2026-10-28,2026-10-28T18:29:17.249101+10:00,2026-10-28T20:33:00+10:00,123.7,46.08,excellent
2026-10-29,2026-10-29T18:30:00.650299+10:00,2026-10-29T20:30:00.650299+10:00,120.0,45.08,excellent
2026-10-30,2026-10-30T18:30:44.558321+10:00,2026-10-30T20:30:44.558321+10:00,120.0,44.08,excellent
2026-11-01,2026-11-01T18:32:13.863420+10:00,2026-11-01T20:22:13.863420+10:00,110.0,42.07,excellent
2026-11-02,2026-11-02T18:32:59.241555+10:00,2026-11-02T20:22:59.241555+10:00,110.0,41.07,excellent
2026-11-03,2026-11-03T18:33:45.088576+10:00,2026-11-03T20:13:45.088576+10:00,100.0,40.06,excellent
2026-11-04,2026-11-04T18:34:31.391654+10:00,2026-11-04T20:14:31.391654+10:00,100.0,39.06,excellent
2026-11-05,2026-11-05T18:35:18.136572+10:00,2026-11-05T20:05:18.136572+10:00,90.0,38.05,excellent
2026-11-06,2026-11-06T18:36:05.307710+10:00,2026-11-06T20:06:05.307710+10:00,90.0,37.05,excellent
2026-11-07,2026-11-07T18:36:52.888019+10:00,2026-11-07T19:56:52.888019+10:00,80.0,36.04,excellent
2026-11-08,2026-11-08T18:37:40.859016+10:00,2026-11-08T19:57:40.859016+10:00,80.0,35.04,excellent
2026-11-09,2026-11-09T18:38:29.200768+10:00,2026-11-09T19:48:29.200768+10:00,70.0,34.04,excellent
2026-11-10,2026-11-10T18:39:17.891888+10:00,2026-11-10T19:49:17.891888+10:00,70.0,33.03,excellent
2026-11-11,2026-11-11T18:40:06.909530+10:00,2026-11-11T19:40:06.909530+10:00,60.0,32.03,excellent
2026-11-12,2026-11-12T18:40:56.229395+10:00,2026-11-12T19:40:56.229395+10:00,60.0,31.03,excellent
2026-11-13,2026-11-13T18:41:45.825729+10:00,2026-11-13T19:31:45.825729+10:00,50.0,30.03,excellent
2026-11-14,2026-11-14T18:42:35.671341+10:00,2026-11-14T19:32:35.671341+10:00,50.0,29.03,excellent
2026-11-15,2026-11-15T18:43:25.737610+10:00,2026-11-15T19:23:25.737610+10:00,40.0,28.03,excellent
