date,moonrise_local,moonset_local
2026-01-01,2026-01-01T16:41:00+10:00,2026-01-01T02:02:00+10:00
2026-01-02,2026-01-02T17:51:00+10:00,2026-01-02T03:00:00+10:00
2026-01-03,2026-01-03T18:54:00+10:00,2026-01-03T04:07:00+10:00
2026-01-04,2026-01-04T19:48:00+10:00,2026-01-04T05:18:00+10:00
2026-01-05,2026-01-05T20:33:00+10:00,2026-01-05T06:29:00+10:00
2026-01-06,2026-01-06T21:11:00+10:00,2026-01-06T07:36:00+10:00
2026-01-07,2026-01-07T21:44:00+10:00,2026-01-07T08:40:00+10:00
2026-01-08,2026-01-08T22:14:00+10:00,
2026-01-09,2026-01-09T22:43:00+10:00,2026-01-09T10:35:00+10:00
2026-01-10,2026-01-10T23:12:00+10:00,2026-01-10T11:29:00+10:00
2026-01-11,2026-01-11T23:42:00+10:00,2026-01-11T12:23:00+10:00
2026-01-12,,2026-01-12T13:18:00+10:00
2026-01-13,2026-01-13T00:14:00+10:00,2026-01-13T14:13:00+10:00
2026-01-14,2026-01-14T00:51:00+10:00,2026-01-14T15:09:00+10:00
2026-01-15,2026-01-15T01:32:00+10:00,2026-01-15T16:05:00+10:00
2026-01-16,2026-01-16T02:19:00+10:00,2026-01-16T16:58:00+10:00
2026-01-17,2026-01-17T03:12:00+10:00,2026-01-17T17:49:00+10:00
2026-01-18,2026-01-18T04:08:00+10:00,2026-01-18T18:34:00+10:00
2026-01-19,2026-01-19T05:08:00+10:00,2026-01-19T19:15:00+10:00
2026-01-20,2026-01-20T06:07:00+10:00,2026-01-20T19:52:00+10:00
2026-01-21,2026-01-21T07:07:00+10:00,2026-01-21T20:25:00+10:00
2026-01-22,2026-01-22T08:05:00+10:00,2026-01-22T20:56:00+10:00
2026-01-23,,2026-01-23T21:27:00+10:00
2026-01-24,2026-01-24T10:03:00+10:00,2026-01-24T21:58:00+10:00
2026-01-25,2026-01-25T11:04:00+10:00,2026-01-25T22:32:00+10:00
2026-01-26,2026-01-26T12:08:00+10:00,2026-01-26T23:10:00+10:00
2026-01-27,2026-01-27T13:15:00+10:00,2026-01-27T23:54:00+10:00
2026-01-28,2026-01-28T14:24:00+10:00,
2026-01-29,2026-01-29T15:33:00+10:00,2026-01-29T00:47:00+10:00
2026-01-30,2026-01-30T16:38:00+10:00,2026-01-30T01:47:00+10:00
2026-01-31,2026-01-31T17:35:00+10:00,2026-01-31T02:55:00+10:00
2026-02-01,2026-02-01T18:23:00+10:00,2026-02-01T04:05:00+10:00
2026-02-02,2026-02-02T19:04:00+10:00,2026-02-02T05:14:00+10:00
2026-02-03,2026-02-03T19:40:00+10:00,2026-02-03T06:20:00+10:00
2026-02-04,2026-02-04T20:11:00+10:00,2026-02-04T07:21:00+10:00
2026-02-05,2026-02-05T20:41:00+10:00,2026-02-05T08:20:00+10:00
2026-02-06,2026-02-06T21:10:00+10:00,
2026-02-07,2026-02-07T21:40:00+10:00,2026-02-07T10:12:00+10:00
2026-02-08,2026-02-08T22:12:00+10:00,2026-02-08T11:07:00+10:00
2026-02-09,2026-02-09T22:47:00+10:00,2026-02-09T12:03:00+10:00
2026-02-10,2026-02-10T23:27:00+10:00,2026-02-10T12:59:00+10:00
2026-02-11,,2026-02-11T13:55:00+10:00
2026-02-12,2026-02-12T00:12:00+10:00,2026-02-12T14:50:00+10:00
2026-02-13,2026-02-13T01:02:00+10:00,2026-02-13T15:41:00+10:00
2026-02-14,2026-02-14T01:57:00+10:00,2026-02-14T16:29:00+10:00
2026-02-15,2026-02-15T02:55:00+10:00,2026-02-15T17:11:00+10:00
2026-02-16,2026-02-16T03:55:00+10:00,2026-02-16T17:50:00+10:00
2026-02-17,2026-02-17T04:56:00+10:00,2026-02-17T18:25:00+10:00
2026-02-18,2026-02-18T05:56:00+10:00,2026-02-18T18:57:00+10:00
2026-02-19,2026-02-19T06:56:00+10:00,2026-02-19T19:28:00+10:00
2026-02-20,2026-02-20T07:56:00+10:00,2026-02-20T20:00:00+10:00
2026-02-21,,2026-02-21T20:33:00+10:00
2026-02-22,2026-02-22T10:01:00+10:00,2026-02-22T21:10:00+10:00
2026-02-23,2026-02-23T11:07:00+10:00,2026-02-23T21:53:00+10:00
2026-02-24,2026-02-24T12:16:00+10:00,2026-02-24T22:42:00+10:00
2026-02-25,2026-02-25T13:24:00+10:00,2026-02-25T23:39:00+10:00
2026-02-26,2026-02-26T14:28:00+10:00,
2026-02-27,2026-02-27T15:26:00+10:00,2026-02-27T00:42:00+10:00
2026-02-28,2026-02-28T16:16:00+10:00,2026-02-28T01:50:00+10:00
2026-03-01,2026-03-01T16:59:00+10:00,2026-03-01T02:57:00+10:00
2026-03-02,2026-03-02T17:36:00+10:00,2026-03-02T04:03:00+10:00
2026-03-03,2026-03-03T18:09:00+10:00,2026-03-03T05:05:00+10:00
2026-03-04,2026-03-04T18:39:00+10:00,2026-03-04T06:05:00+10:00
2026-03-05,2026-03-05T19:09:00+10:00,2026-03-05T07:02:00+10:00
2026-03-06,2026-03-06T19:39:00+10:00,2026-03-06T07:59:00+10:00
2026-03-07,2026-03-07T20:10:00+10:00,2026-03-07T08:55:00+10:00
2026-03-08,2026-03-08T20:44:00+10:00,
2026-03-09,2026-03-09T21:22:00+10:00,2026-03-09T10:48:00+10:00
2026-03-10,2026-03-10T22:04:00+10:00,2026-03-10T11:44:00+10:00
2026-03-11,2026-03-11T22:52:00+10:00,2026-03-11T12:39:00+10:00
2026-03-12,2026-03-12T23:45:00+10:00,2026-03-12T13:32:00+10:00
2026-03-13,,2026-03-13T14:21:00+10:00
2026-03-14,2026-03-14T00:42:00+10:00,2026-03-14T15:05:00+10:00
2026-03-15,2026-03-15T01:41:00+10:00,2026-03-15T15:45:00+10:00
2026-03-16,2026-03-16T02:40:00+10:00,2026-03-16T16:21:00+10:00
2026-03-17,2026-03-17T03:41:00+10:00,2026-03-17T16:55:00+10:00
2026-03-18,2026-03-18T04:41:00+10:00,2026-03-18T17:27:00+10:00
2026-03-19,2026-03-19T05:42:00+10:00,2026-03-19T17:59:00+10:00
2026-03-20,2026-03-20T06:44:00+10:00,2026-03-20T18:32:00+10:00
2026-03-21,2026-03-21T07:49:00+10:00,2026-03-21T19:09:00+10:00
2026-03-22,,2026-03-22T19:50:00+10:00
2026-03-23,2026-03-23T10:06:00+10:00,2026-03-23T20:38:00+10:00
2026-03-24,2026-03-24T11:16:00+10:00,2026-03-24T21:33:00+10:00
2026-03-25,2026-03-25T12:22:00+10:00,2026-03-25T22:35:00+10:00
2026-03-26,2026-03-26T13:22:00+10:00,2026-03-26T23:42:00+10:00
2026-03-27,2026-03-27T14:14:00+10:00,
2026-03-28,2026-03-28T14:58:00+10:00,2026-03-28T00:48:00+10:00
2026-03-29,2026-03-29T15:36:00+10:00,2026-03-29T01:53:00+10:00
2026-03-30,2026-03-30T16:09:00+10:00,2026-03-30T02:56:00+10:00
2026-03-31,2026-03-31T16:40:00+10:00,2026-03-31T03:55:00+10:00
2026-04-01,2026-04-01T17:09:00+10:00,2026-04-01T04:52:00+10:00
2026-04-02,2026-04-02T17:39:00+10:00,2026-04-02T05:48:00+10:00
2026-04-03,2026-04-03T18:09:00+10:00,2026-04-03T06:44:00+10:00
2026-04-04,2026-04-04T18:42:00+10:00,2026-04-04T07:40:00+10:00
2026-04-05,2026-04-05T19:18:00+10:00,2026-04-05T08:36:00+10:00
2026-04-06,2026-04-06T19:59:00+10:00,
2026-04-07,2026-04-07T20:45:00+10:00,2026-04-07T10:29:00+10:00
2026-04-08,2026-04-08T21:36:00+10:00,2026-04-08T11:23:00+10:00
2026-04-09,2026-04-09T22:30:00+10:00,2026-04-09T12:13:00+10:00
2026-04-10,2026-04-10T23:27:00+10:00,2026-04-10T12:59:00+10:00
2026-04-11,,2026-04-11T13:40:00+10:00
2026-04-12,2026-04-12T00:26:00+10:00,2026-04-12T14:17:00+10:00
2026-04-13,2026-04-13T01:25:00+10:00,2026-04-13T14:51:00+10:00
2026-04-14,2026-04-14T02:24:00+10:00,2026-04-14T15:23:00+10:00
2026-04-15,2026-04-15T03:24:00+10:00,2026-04-15T15:55:00+10:00
2026-04-16,2026-04-16T04:25:00+10:00,2026-04-16T16:27:00+10:00
2026-04-17,2026-04-17T05:29:00+10:00,2026-04-17T17:03:00+10:00
2026-04-18,2026-04-18T06:37:00+10:00,2026-04-18T17:43:00+10:00
2026-04-19,2026-04-19T07:48:00+10:00,2026-04-19T18:30:00+10:00
2026-04-20,,2026-04-20T19:24:00+10:00
2026-04-21,2026-04-21T10:10:00+10:00,2026-04-21T20:26:00+10:00
2026-04-22,2026-04-22T11:15:00+10:00,2026-04-22T21:33:00+10:00
2026-04-23,2026-04-23T12:11:00+10:00,2026-04-23T22:41:00+10:00
2026-04-24,2026-04-24T12:57:00+10:00,2026-04-24T23:47:00+10:00
2026-04-25,2026-04-25T13:37:00+10:00,
2026-04-26,2026-04-26T14:12:00+10:00,2026-04-26T00:50:00+10:00
2026-04-27,2026-04-27T14:43:00+10:00,2026-04-27T01:49:00+10:00
2026-04-28,2026-04-28T15:12:00+10:00,2026-04-28T02:46:00+10:00
2026-04-29,2026-04-29T15:41:00+10:00,2026-04-29T03:42:00+10:00
2026-04-30,2026-04-30T16:10:00+10:00,2026-04-30T04:37:00+10:00
2026-05-01,2026-05-01T16:42:00+10:00,2026-05-01T05:32:00+10:00
2026-05-02,2026-05-02T17:17:00+10:00,2026-05-02T06:28:00+10:00
2026-05-03,2026-05-03T17:57:00+10:00,2026-05-03T07:25:00+10:00
2026-05-04,2026-05-04T18:41:00+10:00,2026-05-04T08:21:00+10:00
2026-05-05,2026-05-05T19:30:00+10:00,
2026-05-06,2026-05-06T20:22:00+10:00,2026-05-06T10:07:00+10:00
2026-05-07,2026-05-07T21:18:00+10:00,2026-05-07T10:54:00+10:00
2026-05-08,2026-05-08T22:15:00+10:00,2026-05-08T11:36:00+10:00
2026-05-09,2026-05-09T23:13:00+10:00,2026-05-09T12:14:00+10:00
2026-05-10,,2026-05-10T12:48:00+10:00
2026-05-11,2026-05-11T00:10:00+10:00,2026-05-11T13:20:00+10:00
2026-05-12,2026-05-12T01:08:00+10:00,2026-05-12T13:51:00+10:00
2026-05-13,2026-05-13T02:07:00+10:00,2026-05-13T14:22:00+10:00
2026-05-14,2026-05-14T03:09:00+10:00,2026-05-14T14:56:00+10:00
2026-05-15,2026-05-15T04:13:00+10:00,2026-05-15T15:33:00+10:00
2026-05-16,2026-05-16T05:23:00+10:00,2026-05-16T16:17:00+10:00
2026-05-17,2026-05-17T06:36:00+10:00,2026-05-17T17:08:00+10:00
2026-05-18,2026-05-18T07:49:00+10:00,2026-05-18T18:09:00+10:00
2026-05-19,,2026-05-19T19:16:00+10:00
2026-05-20,2026-05-20T10:01:00+10:00,2026-05-20T20:27:00+10:00
2026-05-21,2026-05-21T10:53:00+10:00,2026-05-21T21:36:00+10:00
2026-05-22,2026-05-22T11:36:00+10:00,2026-05-22T22:42:00+10:00
2026-05-23,2026-05-23T12:13:00+10:00,2026-05-23T23:44:00+10:00
2026-05-24,2026-05-24T12:45:00+10:00,
2026-05-25,2026-05-25T13:15:00+10:00,2026-05-25T00:42:00+10:00
2026-05-26,2026-05-26T13:44:00+10:00,2026-05-26T01:38:00+10:00
2026-05-27,2026-05-27T14:13:00+10:00,2026-05-27T02:32:00+10:00
2026-05-28,2026-05-28T14:44:00+10:00,2026-05-28T03:27:00+10:00
2026-05-29,2026-05-29T15:18:00+10:00,2026-05-29T04:22:00+10:00
2026-05-30,2026-05-30T15:56:00+10:00,2026-05-30T05:18:00+10:00
2026-05-31,2026-05-31T16:38:00+10:00,2026-05-31T06:15:00+10:00
2026-06-01,2026-06-01T17:26:00+10:00,2026-06-01T07:10:00+10:00
2026-06-02,2026-06-02T18:17:00+10:00,2026-06-02T08:02:00+10:00
2026-06-03,2026-06-03T19:12:00+10:00,2026-06-03T08:51:00+10:00
2026-06-04,2026-06-04T20:09:00+10:00,
2026-06-05,2026-06-05T21:06:00+10:00,2026-06-05T10:13:00+10:00
2026-06-06,2026-06-06T22:02:00+10:00,2026-06-06T10:48:00+10:00
2026-06-07,2026-06-07T22:59:00+10:00,2026-06-07T11:20:00+10:00
2026-06-08,2026-06-08T23:55:00+10:00,2026-06-08T11:50:00+10:00
2026-06-09,,2026-06-09T12:20:00+10:00
2026-06-10,2026-06-10T00:54:00+10:00,2026-06-10T12:52:00+10:00
2026-06-11,2026-06-11T01:55:00+10:00,2026-06-11T13:26:00+10:00
2026-06-12,2026-06-12T03:00:00+10:00,2026-06-12T14:06:00+10:00
2026-06-13,2026-06-13T04:10:00+10:00,2026-06-13T14:52:00+10:00
2026-06-14,2026-06-14T05:23:00+10:00,2026-06-14T15:48:00+10:00
2026-06-15,2026-06-15T06:35:00+10:00,2026-06-15T16:53:00+10:00
2026-06-16,2026-06-16T07:42:00+10:00,2026-06-16T18:04:00+10:00
2026-06-17,2026-06-17T08:40:00+10:00,2026-06-17T19:17:00+10:00
2026-06-18,,2026-06-18T20:26:00+10:00
2026-06-19,2026-06-19T10:09:00+10:00,2026-06-19T21:32:00+10:00
2026-06-20,2026-06-20T10:45:00+10:00,2026-06-20T22:33:00+10:00
2026-06-21,2026-06-21T11:16:00+10:00,2026-06-21T23:31:00+10:00
2026-06-22,2026-06-22T11:46:00+10:00,
2026-06-23,2026-06-23T12:15:00+10:00,2026-06-23T00:27:00+10:00
2026-06-24,2026-06-24T12:46:00+10:00,2026-06-24T01:22:00+10:00
2026-06-25,2026-06-25T13:19:00+10:00,2026-06-25T02:17:00+10:00
2026-06-26,2026-06-26T13:55:00+10:00,2026-06-26T03:13:00+10:00
2026-06-27,2026-06-27T14:36:00+10:00,2026-06-27T04:09:00+10:00
2026-06-28,2026-06-28T15:22:00+10:00,2026-06-28T05:05:00+10:00
2026-06-29,2026-06-29T16:13:00+10:00,2026-06-29T05:58:00+10:00
2026-06-30,2026-06-30T17:07:00+10:00,2026-06-30T06:48:00+10:00
2026-07-01,2026-07-01T18:04:00+10:00,2026-07-01T07:33:00+10:00
2026-07-02,2026-07-02T19:01:00+10:00,2026-07-02T08:13:00+10:00
2026-07-03,2026-07-03T19:57:00+10:00,2026-07-03T08:49:00+10:00
2026-07-04,2026-07-04T20:53:00+10:00,2026-07-04T09:22:00+10:00
2026-07-05,2026-07-05T21:49:00+10:00,
2026-07-06,2026-07-06T22:46:00+10:00,2026-07-06T10:22:00+10:00
2026-07-07,2026-07-07T23:44:00+10:00,2026-07-07T10:52:00+10:00
2026-07-08,,2026-07-08T11:24:00+10:00
2026-07-09,2026-07-09T00:46:00+10:00,2026-07-09T12:00:00+10:00
2026-07-10,2026-07-10T01:51:00+10:00,2026-07-10T12:42:00+10:00
2026-07-11,2026-07-11T03:01:00+10:00,2026-07-11T13:32:00+10:00
2026-07-12,2026-07-12T04:12:00+10:00,2026-07-12T14:31:00+10:00
2026-07-13,2026-07-13T05:21:00+10:00,2026-07-13T15:39:00+10:00
2026-07-14,2026-07-14T06:23:00+10:00,2026-07-14T16:51:00+10:00
2026-07-15,2026-07-15T07:17:00+10:00,2026-07-15T18:03:00+10:00
2026-07-16,2026-07-16T08:02:00+10:00,2026-07-16T19:13:00+10:00
2026-07-17,2026-07-17T08:40:00+10:00,2026-07-17T20:18:00+10:00
2026-07-18,2026-07-18T09:14:00+10:00,2026-07-18T21:19:00+10:00
2026-07-19,,2026-07-19T22:17:00+10:00
2026-07-20,2026-07-20T10:15:00+10:00,2026-07-20T23:14:00+10:00
2026-07-21,2026-07-21T10:46:00+10:00,
2026-07-22,2026-07-22T11:19:00+10:00,2026-07-22T00:10:00+10:00
2026-07-23,2026-07-23T11:54:00+10:00,2026-07-23T01:06:00+10:00
2026-07-24,2026-07-24T12:34:00+10:00,2026-07-24T02:03:00+10:00
2026-07-25,2026-07-25T13:18:00+10:00,2026-07-25T02:59:00+10:00
2026-07-26,2026-07-26T14:07:00+10:00,2026-07-26T03:53:00+10:00
2026-07-27,2026-07-27T15:01:00+10:00,2026-07-27T04:44:00+10:00
2026-07-28,2026-07-28T15:57:00+10:00,2026-07-28T05:31:00+10:00
2026-07-29,2026-07-29T16:54:00+10:00,2026-07-29T06:13:00+10:00
2026-07-30,2026-07-30T17:52:00+10:00,2026-07-30T06:50:00+10:00
2026-07-31,2026-07-31T18:48:00+10:00,2026-07-31T07:24:00+10:00
2026-08-01,2026-08-01T19:45:00+10:00,2026-08-01T07:55:00+10:00
2026-08-02,2026-08-02T20:41:00+10:00,2026-08-02T08:25:00+10:00
2026-08-03,2026-08-03T21:39:00+10:00,2026-08-03T08:55:00+10:00
2026-08-04,,
2026-08-05,2026-08-05T23:41:00+10:00,
2026-08-06,,2026-08-06T10:38:00+10:00
2026-08-07,2026-08-07T00:47:00+10:00,2026-08-07T11:24:00+10:00
2026-08-08,2026-08-08T01:56:00+10:00,2026-08-08T12:17:00+10:00
2026-08-09,2026-08-09T03:04:00+10:00,2026-08-09T13:20:00+10:00
2026-08-10,2026-08-10T04:08:00+10:00,2026-08-10T14:28:00+10:00
2026-08-11,2026-08-11T05:04:00+10:00,2026-08-11T15:40:00+10:00
2026-08-12,2026-08-12T05:52:00+10:00,2026-08-12T16:50:00+10:00
2026-08-13,2026-08-13T06:33:00+10:00,2026-08-13T17:58:00+10:00
2026-08-14,2026-08-14T07:09:00+10:00,2026-08-14T19:01:00+10:00
2026-08-15,2026-08-15T07:42:00+10:00,2026-08-15T20:02:00+10:00
2026-08-16,2026-08-16T08:13:00+10:00,2026-08-16T21:00:00+10:00
2026-08-17,2026-08-17T08:44:00+10:00,2026-08-17T21:58:00+10:00
2026-08-18,2026-08-18T09:17:00+10:00,2026-08-18T22:56:00+10:00
2026-08-19,,2026-08-19T23:53:00+10:00
2026-08-20,2026-08-20T10:30:00+10:00,
2026-08-21,2026-08-21T11:13:00+10:00,2026-08-21T00:50:00+10:00
2026-08-22,2026-08-22T12:00:00+10:00,2026-08-22T01:46:00+10:00
2026-08-23,2026-08-23T12:52:00+10:00,2026-08-23T02:38:00+10:00
2026-08-24,2026-08-24T13:48:00+10:00,2026-08-24T03:26:00+10:00
2026-08-25,2026-08-25T14:45:00+10:00,2026-08-25T04:10:00+10:00
2026-08-26,2026-08-26T15:43:00+10:00,2026-08-26T04:49:00+10:00
2026-08-27,2026-08-27T16:40:00+10:00,2026-08-27T05:24:00+10:00
2026-08-28,2026-08-28T17:37:00+10:00,2026-08-28T05:57:00+10:00
2026-08-29,2026-08-29T18:35:00+10:00,2026-08-29T06:27:00+10:00
2026-08-30,2026-08-30T19:32:00+10:00,2026-08-30T06:58:00+10:00
2026-08-31,2026-08-31T20:32:00+10:00,2026-08-31T07:29:00+10:00
2026-09-01,2026-09-01T21:35:00+10:00,2026-09-01T08:02:00+10:00
2026-09-02,2026-09-02T22:40:00+10:00,2026-09-02T08:39:00+10:00
2026-09-03,2026-09-03T23:47:00+10:00,
2026-09-04,,2026-09-04T10:12:00+10:00
2026-09-05,2026-09-05T00:54:00+10:00,2026-09-05T11:10:00+10:00
2026-09-06,2026-09-06T01:58:00+10:00,2026-09-06T12:15:00+10:00
2026-09-07,2026-09-07T02:55:00+10:00,2026-09-07T13:24:00+10:00
2026-09-08,2026-09-08T03:45:00+10:00,2026-09-08T14:33:00+10:00
2026-09-09,2026-09-09T04:28:00+10:00,2026-09-09T15:40:00+10:00
2026-09-10,2026-09-10T05:05:00+10:00,2026-09-10T16:44:00+10:00
2026-09-11,2026-09-11T05:39:00+10:00,2026-09-11T17:45:00+10:00
2026-09-12,2026-09-12T06:11:00+10:00,2026-09-12T18:45:00+10:00
2026-09-13,2026-09-13T06:42:00+10:00,2026-09-13T19:44:00+10:00
2026-09-14,2026-09-14T07:14:00+10:00,2026-09-14T20:42:00+10:00
2026-09-15,2026-09-15T07:48:00+10:00,2026-09-15T21:41:00+10:00
2026-09-16,2026-09-16T08:25:00+10:00,2026-09-16T22:39:00+10:00
2026-09-17,2026-09-17T09:07:00+10:00,2026-09-17T23:35:00+10:00
2026-09-18,,
2026-09-19,2026-09-19T10:43:00+10:00,2026-09-19T00:29:00+10:00
2026-09-20,2026-09-20T11:37:00+10:00,2026-09-20T01:19:00+10:00
2026-09-21,2026-09-21T12:33:00+10:00,2026-09-21T02:05:00+10:00
2026-09-22,2026-09-22T13:31:00+10:00,2026-09-22T02:46:00+10:00
2026-09-23,2026-09-23T14:28:00+10:00,2026-09-23T03:22:00+10:00
2026-09-24,2026-09-24T15:26:00+10:00,2026-09-24T03:56:00+10:00
2026-09-25,2026-09-25T16:23:00+10:00,2026-09-25T04:27:00+10:00
2026-09-26,2026-09-26T17:21:00+10:00,2026-09-26T04:58:00+10:00
2026-09-27,2026-09-27T18:22:00+10:00,2026-09-27T05:29:00+10:00
2026-09-28,2026-09-28T19:24:00+10:00,2026-09-28T06:02:00+10:00
2026-09-29,2026-09-29T20:30:00+10:00,2026-09-29T06:38:00+10:00
2026-09-30,2026-09-30T21:38:00+10:00,2026-09-30T07:20:00+10:00
2026-10-01,2026-10-01T22:47:00+10:00,2026-10-01T08:09:00+10:00
2026-10-02,2026-10-02T23:52:00+10:00,
2026-10-03,,2026-10-03T10:08:00+10:00
2026-10-04,2026-10-04T00:51:00+10:00,2026-10-04T11:15:00+10:00
2026-10-05,2026-10-05T01:42:00+10:00,2026-10-05T12:23:00+10:00
2026-10-06,2026-10-06T02:26:00+10:00,2026-10-06T13:29:00+10:00
2026-10-07,2026-10-07T03:04:00+10:00,2026-10-07T14:32:00+10:00
2026-10-08,2026-10-08T03:38:00+10:00,2026-10-08T15:33:00+10:00
2026-10-09,2026-10-09T04:10:00+10:00,2026-10-09T16:32:00+10:00
2026-10-10,2026-10-10T04:41:00+10:00,2026-10-10T17:31:00+10:00
2026-10-11,2026-10-11T05:12:00+10:00,2026-10-11T18:29:00+10:00
2026-10-12,2026-10-12T05:46:00+10:00,2026-10-12T19:27:00+10:00
2026-10-13,2026-10-13T06:22:00+10:00,2026-10-13T20:26:00+10:00
2026-10-14,2026-10-14T07:01:00+10:00,2026-10-14T21:24:00+10:00
2026-10-15,2026-10-15T07:46:00+10:00,2026-10-15T22:19:00+10:00
2026-10-16,2026-10-16T08:35:00+10:00,2026-10-16T23:11:00+10:00
2026-10-17,,2026-10-17T23:58:00+10:00
2026-10-18,2026-10-18T10:22:00+10:00,
2026-10-19,2026-10-19T11:19:00+10:00,2026-10-19T00:40:00+10:00
2026-10-20,2026-10-20T12:15:00+10:00,2026-10-20T01:18:00+10:00
2026-10-21,2026-10-21T13:12:00+10:00,2026-10-21T01:52:00+10:00
2026-10-22,2026-10-22T14:08:00+10:00,2026-10-22T02:24:00+10:00
2026-10-23,2026-10-23T15:06:00+10:00,2026-10-23T02:55:00+10:00
2026-10-24,2026-10-24T16:05:00+10:00,2026-10-24T03:26:00+10:00
2026-10-25,2026-10-25T17:07:00+10:00,2026-10-25T03:58:00+10:00
2026-10-26,2026-10-26T18:13:00+10:00,2026-10-26T04:33:00+10:00
2026-10-27,2026-10-27T19:22:00+10:00,2026-10-27T05:14:00+10:00
2026-10-28,2026-10-28T20:33:00+10:00,2026-10-28T06:01:00+10:00
2026-10-29,2026-10-29T21:42:00+10:00,2026-10-29T06:56:00+10:00
2026-10-30,2026-10-30T22:45:00+10:00,2026-10-30T07:59:00+10:00
2026-10-31,2026-10-31T23:39:00+10:00,
2026-11-01,,2026-11-01T10:15:00+10:00
2026-11-02,2026-11-02T00:25:00+10:00,2026-11-02T11:22:00+10:00
2026-11-03,2026-11-03T01:05:00+10:00,2026-11-03T12:26:00+10:00
2026-11-04,2026-11-04T01:40:00+10:00,2026-11-04T13:27:00+10:00
2026-11-05,2026-11-05T02:12:00+10:00,2026-11-05T14:25:00+10:00
2026-11-06,2026-11-06T02:42:00+10:00,2026-11-06T15:23:00+10:00
2026-11-07,2026-11-07T03:13:00+10:00,2026-11-07T16:20:00+10:00
2026-11-08,2026-11-08T03:45:00+10:00,2026-11-08T17:17:00+10:00
2026-11-09,2026-11-09T04:20:00+10:00,2026-11-09T18:15:00+10:00
2026-11-10,2026-11-10T04:58:00+10:00,2026-11-10T19:13:00+10:00
2026-11-11,2026-11-11T05:41:00+10:00,2026-11-11T20:10:00+10:00
2026-11-12,2026-11-12T06:28:00+10:00,2026-11-12T21:03:00+10:00
2026-11-13,2026-11-13T07:19:00+10:00,2026-11-13T21:52:00+10:00
2026-11-14,2026-11-14T08:14:00+10:00,2026-11-14T22:36:00+10:00
2026-11-15,,2026-11-15T23:15:00+10:00
2026-11-16,2026-11-16T10:05:00+10:00,2026-11-16T23:50:00+10:00
2026-11-17,2026-11-17T11:00:00+10:00,
2026-11-18,2026-11-18T11:55:00+10:00,2026-11-18T00:22:00+10:00
2026-11-19,2026-11-19T12:51:00+10:00,2026-11-19T00:52:00+10:00
2026-11-20,2026-11-20T13:48:00+10:00,2026-11-20T01:22:00+10:00
2026-11-21,2026-11-21T14:47:00+10:00,2026-11-21T01:53:00+10:00
2026-11-22,2026-11-22T15:51:00+10:00,2026-11-22T02:26:00+10:00
2026-11-23,2026-11-23T16:58:00+10:00,2026-11-23T03:04:00+10:00
2026-11-24,2026-11-24T18:10:00+10:00,2026-11-24T03:48:00+10:00
2026-11-25,2026-11-25T19:21:00+10:00,2026-11-25T04:40:00+10:00
2026-11-26,2026-11-26T20:29:00+10:00,2026-11-26T05:42:00+10:00
2026-11-27,2026-11-27T21:30:00+10:00,2026-11-27T06:50:00+10:00
2026-11-28,2026-11-28T22:21:00+10:00,2026-11-28T08:02:00+10:00
2026-11-29,2026-11-29T23:04:00+10:00,
2026-11-30,2026-11-30T23:41:00+10:00,2026-11-30T10:18:00+10:00
2026-12-01,,2026-12-01T11:21:00+10:00
2026-12-02,2026-12-02T00:14:00+10:00,2026-12-02T12:21:00+10:00
2026-12-03,2026-12-03T00:45:00+10:00,2026-12-03T13:18:00+10:00
2026-12-04,2026-12-04T01:15:00+10:00,2026-12-04T14:15:00+10:00
2026-12-05,2026-12-05T01:47:00+10:00,2026-12-05T15:11:00+10:00
2026-12-06,2026-12-06T02:20:00+10:00,2026-12-06T16:09:00+10:00
2026-12-07,2026-12-07T02:57:00+10:00,2026-12-07T17:06:00+10:00
2026-12-08,2026-12-08T03:38:00+10:00,2026-12-08T18:03:00+10:00
2026-12-09,2026-12-09T04:24:00+10:00,2026-12-09T18:57:00+10:00
2026-12-10,2026-12-10T05:14:00+10:00,2026-12-10T19:48:00+10:00
2026-12-11,2026-12-11T06:07:00+10:00,2026-12-11T20:33:00+10:00
2026-12-12,2026-12-12T07:02:00+10:00,2026-12-12T21:14:00+10:00
2026-12-13,2026-12-13T07:58:00+10:00,2026-12-13T21:50:00+10:00
2026-12-14,2026-12-14T08:53:00+10:00,2026-12-14T22:22:00+10:00
2026-12-15,,2026-12-15T22:52:00+10:00
2026-12-16,2026-12-16T10:41:00+10:00,2026-12-16T23:21:00+10:00
2026-12-17,2026-12-17T11:36:00+10:00,2026-12-17T23:50:00+10:00
2026-12-18,2026-12-18T12:32:00+10:00,
2026-12-19,2026-12-19T13:31:00+10:00,2026-12-19T00:21:00+10:00
2026-12-20,2026-12-20T14:35:00+10:00,2026-12-20T00:56:00+10:00
2026-12-21,2026-12-21T15:43:00+10:00,2026-12-21T01:35:00+10:00
2026-12-22,2026-12-22T16:54:00+10:00,2026-12-22T02:22:00+10:00
2026-12-23,2026-12-23T18:05:00+10:00,2026-12-23T03:18:00+10:00
2026-12-24,2026-12-24T19:10:00+10:00,2026-12-24T04:24:00+10:00
2026-12-25,2026-12-25T20:08:00+10:00,2026-12-25T05:36:00+10:00
2026-12-26,2026-12-26T20:56:00+10:00,2026-12-26T06:50:00+10:00
2026-12-27,2026-12-27T21:37:00+10:00,2026-12-27T08:01:00+10:00
2026-12-28,2026-12-28T22:13:00+10:00,
2026-12-29,2026-12-29T22:46:00+10:00,2026-12-29T10:11:00+10:00
2026-12-30,2026-12-30T23:17:00+10:00,2026-12-30T11:11:00+10:00
2026-12-31,2026-12-31T23:48:00+10:00,2026-12-31T12:09:00+10:00
