month,planet,best_date,best_altitude_deg,rating,best_time_local,observation_period,solar_elong_deg
2026-01,Jupiter,2026-01-02,40.49,good,2026-01-02T00:30:00+10:00,overnight,169.91
2026-01,Mars,2026-01-31,0.35,poor,2026-01-31T05:00:00+10:00,predawn,5.22
2026-01,Mercury,2026-01-01,4.93,poor,2026-01-01T04:30:00+10:00,predawn,12.05
2026-01,Neptune,2026-01-01,46.43,excellent,2026-01-01T19:30:00+10:00,evening,78.54
2026-01,Saturn,2026-01-01,45.68,excellent,2026-01-01T19:30:00+10:00,evening,75.23
2026-01,Uranus,2026-01-28,43.09,good,2026-01-28T19:00:00+10:00,evening,109.03
2026-01,Venus,2026-01-31,0.65,poor,2026-01-31T19:00:00+10:00,evening,6.06
2026-02,Jupiter,2026-02-04,39.83,good,2026-02-04T22:00:00+10:00,overnight,151.3
2026-02,Mars,2026-02-28,1.99,poor,2026-02-28T05:00:00+10:00,predawn,11.45
2026-02,Mercury,2026-02-13,4.45,poor,2026-02-13T19:00:00+10:00,evening,16.15
2026-02,Neptune,2026-02-01,27.84,good,2026-02-01T19:00:00+10:00,evening,47.66
2026-02,Saturn,2026-02-01,27.66,good,2026-02-01T19:00:00+10:00,evening,46.21
2026-02,Uranus,2026-02-01,42.9,good,2026-02-01T19:00:00+10:00,evening,104.96
2026-02,Venus,2026-02-07,0.81,poor,2026-02-07T19:00:00+10:00,evening,7.72
2026-03,Jupiter,2026-03-29,39.61,good,2026-03-29T18:30:00+10:00,evening,96.95
2026-03,Mars,2026-03-31,11.15,poor,2026-03-31T05:30:00+10:00,predawn,17.94
2026-03,Mercury,2026-03-31,20.58,fair,2026-03-31T05:30:00+10:00,predawn,27.39
2026-03,Neptune,2026-03-06,6.59,poor,2026-03-06T18:30:00+10:00,evening,15.52
2026-03,Saturn,2026-03-06,7.94,poor,2026-03-06T18:30:00+10:00,evening,16.73
2026-03,Uranus,2026-03-06,35.27,good,2026-03-06T18:30:00+10:00,evening,72.09
2026-03,Venus,2026-03-06,5.7,poor,2026-03-06T18:30:00+10:00,evening,14.17
2026-04,Jupiter,2026-04-06,39.67,good,2026-04-06T18:00:00+10:00,evening,89.63
2026-04,Mars,2026-04-30,13.92,poor,2026-04-30T05:30:00+10:00,predawn,24.04
2026-04,Mercury,2026-04-02,20.69,fair,2026-04-02T05:30:00+10:00,predawn,27.71
2026-04,Neptune,2026-04-30,26.11,good,2026-04-30T05:30:00+10:00,predawn,36.29
2026-04,Saturn,2026-04-30,20.48,fair,2026-04-30T05:30:00+10:00,predawn,30.55
2026-04,Uranus,2026-04-02,24.39,fair,2026-04-02T18:00:00+10:00,evening,46.23
2026-04,Venus,2026-04-02,9.37,poor,2026-04-02T18:00:00+10:00,evening,20.69
2026-05,Jupiter,2026-05-04,37.54,good,2026-05-04T17:30:00+10:00,evening,65.53
2026-05,Mars,2026-05-31,22.26,fair,2026-05-31T06:00:00+10:00,predawn,30.53
2026-05,Mercury,2026-05-05,6.99,poor,2026-05-05T06:00:00+10:00,predawn,11.12
2026-05,Neptune,2026-05-31,54.5,excellent,2026-05-31T06:00:00+10:00,predawn,65.39
2026-05,Saturn,2026-05-31,47.72,excellent,2026-05-31T06:00:00+10:00,predawn,57.3
2026-05,Uranus,2026-05-04,7.75,poor,2026-05-04T17:30:00+10:00,evening,16.6
2026-05,Venus,2026-05-31,20.21,fair,2026-05-31T17:30:00+10:00,evening,34.75
2026-06,Jupiter,2026-06-01,27.9,good,2026-06-01T17:30:00+10:00,evening,43.29
2026-06,Mars,2026-06-30,23.75,fair,2026-06-30T06:00:00+10:00,predawn,37.36
2026-06,Mercury,2026-06-20,14.55,poor,2026-06-20T17:30:00+10:00,evening,23.92
2026-06,Neptune,2026-06-23,62.01,excellent,2026-06-23T06:00:00+10:00,predawn,87.06
2026-06,Saturn,2026-06-30,58.98,excellent,2026-06-30T06:00:00+10:00,predawn,83.96
2026-06,Uranus,2026-06-30,21.19,fair,2026-06-30T06:00:00+10:00,predawn,34.44
2026-06,Venus,2026-06-30,30.25,good,2026-06-30T17:30:00+10:00,evening,40.9
2026-07,Jupiter,2026-07-01,12.91,poor,2026-07-01T17:30:00+10:00,evening,20.73
2026-07,Mars,2026-07-31,26.13,good,2026-07-31T06:00:00+10:00,predawn,45.4
2026-07,Mercury,2026-07-01,10.39,poor,2026-07-01T17:30:00+10:00,evening,16.85
2026-07,Neptune,2026-07-31,62.07,excellent,2026-07-31T03:30:00+10:00,predawn,123.29
2026-07,Saturn,2026-07-03,59.08,excellent,2026-07-03T06:00:00+10:00,predawn,86.69
2026-07,Uranus,2026-07-31,37.22,good,2026-07-31T06:00:00+10:00,predawn,62.7
2026-07,Venus,2026-07-22,38.0,good,2026-07-22T17:30:00+10:00,evening,44.28
2026-08,Jupiter,2026-08-31,7.5,poor,2026-08-31T05:30:00+10:00,predawn,24.01
2026-08,Mars,2026-08-19,28.58,good,2026-08-19T06:00:00+10:00,predawn,50.98
2026-08,Mercury,2026-08-01,8.8,poor,2026-08-01T06:00:00+10:00,predawn,19.36
2026-08,Neptune,2026-08-31,62.32,excellent,2026-08-31T01:30:00+10:00,overnight,153.55
2026-08,Saturn,2026-08-31,59.46,excellent,2026-08-31T02:00:00+10:00,overnight,143.46
2026-08,Uranus,2026-08-30,41.41,good,2026-08-30T05:30:00+10:00,predawn,90.84
2026-08,Venus,2026-08-26,38.39,good,2026-08-26T18:00:00+10:00,evening,45.4
2026-09,Jupiter,2026-09-30,21.15,fair,2026-09-30T05:00:00+10:00,predawn,47.29
2026-09,Mars,2026-09-16,30.19,good,2026-09-16T05:30:00+10:00,predawn,60.36
2026-09,Mercury,2026-09-25,16.53,fair,2026-09-25T18:00:00+10:00,evening,20.61
2026-09,Neptune,2026-09-29,62.64,excellent,2026-09-29T23:30:00+10:00,overnight,176.2
2026-09,Saturn,2026-09-30,60.37,excellent,2026-09-30T00:00:00+10:00,overnight,174.1
2026-09,Uranus,2026-09-30,41.42,good,2026-09-30T03:30:00+10:00,predawn,121.05
2026-09,Venus,2026-09-01,38.2,good,2026-09-01T18:00:00+10:00,evening,44.63
2026-10,Jupiter,2026-10-31,34.98,good,2026-10-31T04:30:00+10:00,predawn,73.18
2026-10,Mars,2026-10-31,36.16,good,2026-10-31T04:30:00+10:00,predawn,79.35
2026-10,Mercury,2026-10-15,16.66,fair,2026-10-15T18:30:00+10:00,evening,24.94
2026-10,Neptune,2026-10-28,62.94,excellent,2026-10-28T21:30:00+10:00,evening,147.07
2026-10,Saturn,2026-10-29,61.21,excellent,2026-10-29T22:00:00+10:00,overnight,153.25
2026-10,Uranus,2026-10-30,41.56,good,2026-10-30T01:30:00+10:00,overnight,151.47
2026-10,Venus,2026-10-01,20.6,fair,2026-10-01T18:30:00+10:00,evening,30.97
2026-11,Jupiter,2026-11-23,45.99,excellent,2026-11-23T04:30:00+10:00,predawn,94.11
2026-11,Mars,2026-11-23,44.56,good,2026-11-23T04:30:00+10:00,predawn,91.78
2026-11,Mercury,2026-11-23,8.44,poor,2026-11-23T04:30:00+10:00,predawn,19.49
2026-11,Neptune,2026-11-28,63.11,excellent,2026-11-28T19:30:00+10:00,evening,115.51
2026-11,Saturn,2026-11-26,61.67,excellent,2026-11-26T20:00:00+10:00,evening,123.94
2026-11,Uranus,2026-11-27,41.77,good,2026-11-27T23:30:00+10:00,overnight,178.29
2026-11,Venus,2026-11-23,21.66,fair,2026-11-23T04:30:00+10:00,predawn,36.15
2026-12,Jupiter,2026-12-18,49.16,excellent,2026-12-18T04:00:00+10:00,predawn,118.82
2026-12,Mars,2026-12-31,51.58,excellent,2026-12-31T04:00:00+10:00,predawn,119.28
2026-12,Mercury,2026-12-13,4.73,poor,2026-12-13T04:30:00+10:00,predawn,10.95
2026-12,Neptune,2026-12-05,63.13,excellent,2026-12-05T19:00:00+10:00,evening,108.4
2026-12,Saturn,2026-12-04,61.7,excellent,2026-12-04T19:30:00+10:00,evening,115.71
2026-12,Uranus,2026-12-26,41.98,good,2026-12-26T21:30:00+10:00,evening,147.78
2026-12,Venus,2026-12-31,32.33,good,2026-12-31T04:30:00+10:00,predawn,46.89
